My Type,Saint Motel
APESHIT,THE CARTERS
Numb / Encore,JAY-Z & LINKIN PARK
The Story of O.J.,JAY-Z
Stronger,Kanye West
All Mine,Kanye West
Famous,Kanye West
Champions,"Kanye West, Gucci Mane, Big Sean, 2 Chainz, Travis Scott, Yo Gotti, Quavo & Desiigner"
Ultralight Beam,Kanye West
Pt. 2,Kanye West
Freestyle 4,Kanye West
FML,Kanye West
Amazing (feat. Young Jeezy),Kanye West
Love Lockdown,Kanye West
Flashing Lights (feat. Dwele),Kanye West
Everything I Am (feat. DJ Premier),Kanye West
Fire,KIDS SEE GHOSTS
"Freeee (Ghost Town, Pt. 2) [feat. Ty Dolla $ign]",KIDS SEE GHOSTS
4th Dimension (feat. Louis Prima),KIDS SEE GHOSTS
One Dance (feat. Wizkid & Kyla),Drake
Look Alive (feat. Drake),BlocBoy JB
Passionfruit,Drake
FLIP THE SWITCH (feat. Drake),Quavo
God's Plan,Drake
Mob Ties,Drake
Nice For What,Drake
Blue Tint,Drake
In My Feelings,Drake
Free Smoke,Drake
No Long Talk (feat. Giggs),Drake
Madiba Riddim,Drake
Blem,Drake
4422 (feat. Sampha),Drake
Gyalchester,Drake
Portland (feat. Quavo & Travis Scott),Drake
Skepta Interlude,Drake
KMT (feat. Giggs),Drake
Fake Love,Drake
Ice Melts (feat. Young Thug),Drake
Weston Road Flows,Drake
Hype,Drake
Faithful (feat. Pimp C & dvsn),Drake
Controlla,Drake
Sold Out Dates (feat. Lil Baby),Gunna
"Shook Ones, Pt. II",Mobb Deep
ZEZE (feat. Travis Scott & Offset),Kodak Black
OMG (feat. Quavo),Camila Cabello
One Kiss,"Calvin Harris, Dua Lipa"
Oh My,Dappy & Ay Em
King's Dead,"Jay Rock, Kendrick Lamar, Future, James Blake"
Relationship (feat. Future),Young Thug
If You Want It (feat. Scar),Sleepy Brown
No Shame (feat. PARTYNEXTDOOR),Future
2 Vaults (feat. Lil Yachty),Tee Grizzley
From the D to the A (feat. Lil Yachty),Tee Grizzley
Beef (feat. Meek Mill),Tee Grizzley
We the Ones,"Quality Control, Takeoff & Tee Grizzley"
Get You Good,Roy Woods
Drama (feat. Drake),Roy Woods
Down Girl,Roy Woods
Instinct (feat. MadeinTYO),Roy Woods
Involved,Roy Woods
Little Bit of Lovin,Roy Woods
Easy Way,K. Forest
Dreams,Beck
Free Mason (feat. Jay-Z),Rick Ross
The Devil Is a Lie (feat. JAY Z),Rick Ross
Freestyle,Lil Baby
Jah Is so Good,Alaine
Gyal Gimme That (feat. Sho Shallow),Jaystarmusician
Giv No Fuks (feat. Migos),Jeremih
Impatient (feat. Ty Dolla $ign),Jeremih
I Did (feat. Feather),Jeremih
Uproar (feat. Swizz Beatz),Lil Wayne
Lord Knows (feat. Rick Ross),Drake
Nonstop,Drake
Oh Okay (feat. Young Thug & Lil Baby),Gunna
No Stylist (feat. Drake),French Montana
Ghostface Killers (feat. Travis Scott),"21 Savage, Offset & Metro Boomin"
Rap Saved Me (feat. Quavo),"21 Savage, Offset & Metro Boomin"
Ric Flair Drip,Offset & Metro Boomin
My Choppa Hate N****s,21 Savage & Metro Boomin
beibs in the trap,Travis Scott
coordinate,Travis Scott
sweet sweet,Travis Scott
outside,Travis Scott
goosebumps,Travis Scott
pick up the phone,Travis Scott & Young Thug
wonderful,Travis Scott
Call Out My Name,The Weeknd
The Hills,The Weeknd
Starboy (feat. Daft Punk),The Weeknd
I Feel It Coming (feat. Daft Punk),The Weeknd
Reminder,The Weeknd
Low Life (feat. The Weeknd),Future
Can't Feel My Face,The Weeknd
Party Monster,The Weeknd
All The Stars,"Kendrick Lamar, SZA"
Opps,"Vince Staples, Yugen Blakrok"
Pray For Me,"The Weeknd, Kendrick Lamar"
Paramedic!,SOB X RBE
Die For You,The Weeknd
Often,The Weeknd
Selfish,Virginia To Vegas
Lights Out,Virginia To Vegas
Take You There,Sean Kingston
What's Luv? (feat. Ja-Rule & Ashanti),Fat Joe
By Chance,Rae Sremmurd
BUTTERFLY EFFECT,Travis Scott
YOSEMITE,Travis Scott
John (feat. Rick Ross),Lil Wayne
Millidelphia (feat. Swizz Beatz),Meek Mill
1am,Meek Mill
Stay Woke (feat. Miguel),Meek Mill
T-Shirt,Migos
Call Casting,Migos
Slippery (feat. Gucci Mane),Migos
Kelly Price,Migos
What the Price,Migos
Get Right Witcha,Migos
Pop Sh*t,Quality Control & Migos
Ice Tray,"Quality Control, Quavo & Lil Yachty"
What It Do,Quality Control & Migos
Bosses Don't Speak,Quality Control & Migos
Movin‚Äô Up,"Quality Control, Lil Yachty & Ty Dolla $ign"
Say Less,Roy Woods
Reverse,K. Forest
Link,K. Forest
Playa Playa,K. Forest
Blue Moon,K. Forest
Guidance (feat. Baba Femi),K. Forest
The Wall,anders
How I Feel,Roy Woods
Gwan Big up Urself,Roy Woods
Hip Hopper (feat. Lil Yachty),Blac Youngsta
Get Off,ZO
Magnolia,Playboi Carti
THat Part (feat. Kanye West),ScHoolboy Q
Both (feat. Drake),Gucci Mane
Yes Indeed,Lil Baby & Drake
KOD,J. Cole
"1985 (Intro to ""The Fall Off"")",J. Cole
Litty (feat. Tory Lanez),Meek Mill
Leave Me Alone,Flipp Dinero
Powerglide (feat. Juicy J) [From SR3MM],"Rae Sremmurd, Swae Lee & Slim Jxmmi"
Mona Lisa (feat. Kendrick Lamar),Lil Wayne
Freak Hoe,Future
Where Ya At (feat. Drake),Future
Stick Talk,Future
Jump Around,House of Pain
Jumpman,Drake & Future
Made It from Nothing (feat. Teyana Taylor & Rick Ross),Meek Mill
MICKEY (feat. Offset & Lil Baby),Lil Yachty
"I'm the One (feat. Justin Bieber, Quavo, Chance the Rapper & Lil Wayne)",DJ Khaled
Don't Quit (feat. Travis Scott & Jeremih),DJ Khaled & Calvin Harris
Don't Stop Me Now,Queen
Infatuation,Takeoff
NBAYOUNGBOAT (feat. YoungBoy Never Broke Again),Lil Yachty
Snow White,Roy Woods
Immigrant Song,Led Zeppelin
Somebody to Love,Queen
3500 (feat. Future & 2 Chainz),Travis Scott
Antidote,Travis Scott
90210 (feat. Kacy Hill),Travis Scott
M√çA (feat. Drake),Bad Bunny
Who R U?,Anderson .Paak
Tints (feat. Kendrick Lamar),Anderson .Paak
6 Summers,Anderson .Paak
Carry On Wayward Son,Kansas
F.I.G.H.T.,"Mike WiLL Made-It, Eearz, Gucci Mane, YG, Trouble, Quavo & Juicy J"
Trip,Ella Mai
Boo'd Up,Ella Mai
Signs,Drake
I Can't Even Lie (feat. Future & Nicki Minaj),DJ Khaled
A Lie (feat. The Weeknd & Max B),French Montana
Unforgettable (feat. Swae Lee),French Montana
Big Rings,Drake & Future
6 Man,Drake
Energy,Drake
10 Bands,Drake
6 God,Drake
Used To (feat. Lil Wayne),Drake
Chiraq,Meek Mill
No Smoke,YoungBoy Never Broke Again
Business Is Business,Lil Baby & Gunna
Belly,Lil Baby & Gunna
Traumatized,Meek Mill
On the Regular,Meek Mill
"Or Nah (feat. The Weeknd, Wiz Khalifa and DJ Mustard) [Remix]",Ty Dolla $ign
Back To Back,Drake
What's Free (feat. Rick Ross & JAY-Z),Meek Mill
Going Bad (feat. Drake),Meek Mill
"Splash Warning (feat. Future, Roddy Ricch and Young Thug)",Meek Mill
Respect the Game,Meek Mill
24/7 (feat. Ella Mai),Meek Mill
Dangerous (feat. Jeremih and PnB Rock),Meek Mill
Cold Hearted II,Meek Mill
Deadz (feat. 2 Chainz),Migos
Love Me Like That (Champion Love),Ella Mai
Off White VLONE (feat. Lil Durk & NAV),Lil Baby & Gunna
Trap House,YoungBoy Never Broke Again
Am I Wrong,Nico & Vinz
Autumn Leaves (feat. Kendrick Lamar),Chris Brown
Colossal,Future
Come Down,Anderson .Paak
Cold Hearted (feat. Diddy),Meek Mill
Feel so Good,Mase
Cool Kids,Echosmith
Let's Do It Again,J Boog
Keep the Family Close,Drake
Boyfriend,Big Time Rush
Purple Pills,D12
When the Music Stops,Eminem
The Real Slim Shady,Eminem
Got Your Money (feat. Kelis),Ol' Dirty Bastard
On the Low,Burna Boy
Ph City Vibration,Burna Boy
"My Love (feat. Major Lazer, WizKid & Dua Lipa)",Wale
Fine Girl (feat. Davido & Olamide),Wale
Shutdown,Skepta
Who Dat Boy (feat. A$AP Rocky),"Tyler, The Creator"
Praise The Lord (Da Shine) [feat. Skepta],A$AP Rocky
Harambe,Young Thug
Darth Vader,"21 Savage, Offset & Metro Boomin"
can't leave without it,21 Savage
Used to This (feat. Drake),Future
Bigger Than Us (feat. Paul Rey),Dame D.O.L.L.A.
Danger,Migos & Marshmello
California Love (feat. Roger Troutman & Dr. Dre),2Pac
El Chapo Jr,2 Chainz
Cocoon,Migos
Tattoos,Young Thug
With Them,Young Thug
Digits,Young Thug
m.A.A.d city (feat. MC Eiht),Kendrick Lamar
Ready or Not,Bridgit Mendler
Hurricane,Bridgit Mendler
R U Crazy,Conor Maynard
Vegas Girl,Conor Maynard
Can't Say No,Conor Maynard
Promiscuous (feat. Timbaland),Nelly Furtado
Tek Weh Yuh Heart (feat. Tory Lanez),Sean Paul
Always On Time (feat. Ashanti),Ja Rule
Beautiful Onyinye (Remix) [feat. Rick Ross],P-Square
Kukere,Iyanya
Collabo (feat. Don Jazzy),P-Square
Shekini,P-Square
Chop My Money (Remix) [feat. May D & Akon],P-Square
Do Me (feat. Waje),P-Square
Taste the Money (Testimony),P-Square
"Wat U Mean (Aye, Aye, Aye)",Dae Dae
Horses,"PnB Rock, Kodak Black & A Boogie wit da Hoodie"
Determinate,"Adam Hicks, Bridgit Mendler, Naomi Scott & Hayley Kiyoko"
Turn Up the Music,Chris Brown
You Rock My World (Radio Edit),Michael Jackson
"Castro (feat. Kanye West, Big Sean, Quavo & 2 Chainz)",Yo Gotti
Sunny,Boney M.
Sexual Healing,Marvin Gaye
Let's Get It On,Marvin Gaye
Ain't No Mountain High Enough,Marvin Gaye & Tammi Terrell
Hello (Reggae Cover),Conkarah & Rosie Delmah
"Take Me Home, Country Roads",Toots & The Maytals
Slowly,Meddy
Eminado (feat. Don Jazzy),Tiwa Savage
Ma Lo,"Wizkid, Spellz & Tiwa Savage"
Uh la La,ChocQuibTown
Down By the River,Milky Chance
Pressure (feat. Thabo),Tensnake
Come Alive,FMLYBND
Everlasting,Polock
Around Town,The Kooks
Sunrise,Slaptop
Walk,Kwabs
Cumbia del coraz√≥n,KINSKI GALLO
When the Day Comes,Nico & Vinz
Push (feat. Andrew Wyatt),A-Trak
Are You What You Want to Be?,Foster the People
Tunnel Vision (feat. Some Kinda Wonderful),Dirty South
Tongues (feat. Kopps),Joywave
Busy Earnin',Jungle
Ratchet,Bloc Party
Little Games (St. Lucia Remix),The Colourist
The Way (Instrumental),Zack Hemsey
La Da Dee,Cody Simpson
Dancing Kizomba,Alx Veliz
F For You,Disclosure & Mary J. Blige
If I Ruled the World (feat. Iyaz),Big Time Rush
Peek a Boo (feat. Migos),Lil Yachty
Believe It (feat. Rick Ross),Meek Mill
Love Natural,Crystal Fighters
Magic,Olympic Ayres
Dreaming,Smallpools
"Black Grammys (feat. Meek Mill, Rockie Fresh & J. Cole)",Wale
Can I,Kodak Black
It Girl,Jason Derulo
Go Off,"Lil Uzi Vert, Quavo & Travis Scott"
Mamacita (feat. Rich Homie Quan & Young Thug),Travis Scott
Wouldn't It Be Nice,The Beach Boys
"Menace (feat. Lil Yachty, Quavo & Offset)",Quality Control
Rather Be (feat. Jess Glynne),Clean Bandit
If I Could Change Your Mind,HAIM
Too Hotty,Quality Control & Migos
untitled 08 l 09.06.2014.,Kendrick Lamar
untitled 07 l levitate,Kendrick Lamar
Bounce Back,Big Sean
Jump Out the Window,Big Sean
Moves,Big Sean
Sacrifices (feat. Migos),Big Sean
Go Legend (feat. Travis Scott),Big Sean & Metro Boomin
Jealous,Nick Jonas
Talking Body,Tove Lo
African Queen (Remastered Version),2Face Idibia
Drip Too Hard,Lil Baby & Gunna
Love Me,Justin Bieber
Lights (Single Version),Ellie Goulding
Powerful (feat. Ellie Goulding & Tarrus Riley),Major Lazer
Burn,Ellie Goulding
4:44,JAY-Z
BLACK EFFECT,THE CARTERS
BOSS,THE CARTERS
Dancing Diamonds (feat. Lar$$en),Fatboy Sse
Way Down We Go,KALEO
Meditate (feat. J.I.D.),EARTHGANG
Love Me Harder,Ariana Grande & The Weeknd
breathin,Ariana Grande
Nothing Breaks Like a Heart (feat. Miley Cyrus),Mark Ronson
Runnin (feat. A$AP Rocky and Jacob Banks),Ludwig G√∂ransson
Long Live the Chief,Jidenna
'Till I Collapse,Eminem
Scholarships,Drake & Future
"Monster (feat. JAY-Z, Rick Ross, Nicki Minaj & Bon Iver)",Kanye West
Beautiful Crazy,Luke Combs
Faneto,Chief Keef
Still D.R.E. (feat. Snoop Dogg),Dr. Dre
The Motion,Drake
Anybody (feat. Nicki Minaj),Young Thug
LANESWITCH,Lil Tjay
Bad Bad Bad (feat. Lil Baby),Young Thug
The End,Meek Mill
R.I.C.O. (feat. Drake),Meek Mill
Dreams and Nightmares,Meek Mill
Championships,Meek Mill
On Me (feat. Cardi B),Meek Mill
Uptown Vibes (feat. Fabolous & Anuel AA),Meek Mill
Trauma,Meek Mill
Money In The Grave (feat. Rick Ross),Drake
B.M.F. (Blowin' Money Fast) [feat. Styles P],Rick Ross
Bogus Charms (feat. Meek Mill),Rick Ross
Rich N***a Lifestyle (feat. Nipsey Hussle & Teyana Taylor),Rick Ross
Gold Roses (feat. Drake),Rick Ross
Anybody,Burna Boy
Wetin Man Go Do,Burna Boy
Baby,"Quality Control, Lil Baby & DaBaby"
Leave Em Alone (feat. City Girls & PnB Rock),"Quality Control, Layton Greene & Lil Baby"
Stripper Bowl,Quality Control & Migos
Never Recover,"Lil Baby, Gunna & Drake"
Space Cadet (feat. Gunna),Metro Boomin
Add Me In,Chris Brown
Chanel (Go Get It) [feat. Gunna & Lil Baby],Young Thug & Young Stoner Life
Problem,Young Thug
Sin (feat. Jaden Smith),Young Thug
Home Body (feat. Gunna & TK Kravitz),Lil Durk
Through da Storm,Polo G
Runway Walk (feat. Brevi) [Bonus Track],Demrick
Pure Water,Mustard & Migos
Gettin' Jiggy Wit It,Will Smith
Ima Boss (feat. Rick Ross),Meek Mill
F*ck Up Some Commas,Future
Goddamn (feat. A Boogie wit da Hoodie),Tyga
Grinding All My Life,Nipsey Hussle
Survival of the Fittest,Mobb Deep
Suge,DaBaby
Hell On Earth (Front Lines),Mobb Deep
Get Away,Mobb Deep
The Way I Are (feat. Keri Hilson & D.O.E.),Timbaland
Hopeless Romantic (feat. Swae Lee),Wiz Khalifa
Guatemala (From Swaecation),"Rae Sremmurd, Swae Lee & Slim Jxmmi"
Baby Birkin,Gunna
Speed It Up,Gunna
Same Yung N***a (feat. Playboi Carti),Gunna
Clout (feat. Cardi B),Offset
Put a Date on It (feat. Lil Baby),Yo Gotti
4 Your Eyez Only,J. Cole
My Life (feat. Lil Wayne),The Game
Ridin (feat. Lil Durk),Young Thug
In Those Jeans,Ginuwine
So Sick,Ne-Yo
Champagne Life,Ne-Yo
Makin' a Movie,Ne-Yo
One In a Million,Ne-Yo
Cause I Said So,Ne-Yo
Beautiful Monster,Ne-Yo
Planez (feat. J. Cole),Jeremih
Pass Dat,Jeremih
Oui,Jeremih
DnF (feat. Drake & Future),P. Reign
Monstas & Villains,Desiigner
I Against All (Aggressive Motivational Hard Hip Hop Beat Mix) [Rap Instrumental],Mixla Production Beats
No Flockin,Kodak Black
Come Get Her,Rae Sremmurd
March Madness,Future
King Kunta,Kendrick Lamar
The City (feat. Kendrick Lamar),The Game
I Want U,Alison Wonderland
Hands,The Ting Tings
untitled 02 l 06.23.2014.,Kendrick Lamar
Soul Searching,Bazzi
Barking,Ramz
Won't Be Late (feat. Drake),Swae Lee
Sanguine Paradise,Lil Uzi Vert
Boyfriend,Justin Bieber
My Number,Foals
Call It What You Want,Foster the People
Outta Sight Outta Mind,Gunna
Premier Gaou,Magic System
Die Slow (feat. 21 Savage),Lil Durk
As Long As You Love Me (feat. Big Sean),Justin Bieber
Let Me Love You (feat. Justin Bieber),DJ Snake
What Do You Mean?,Justin Bieber
Where Are √ú Now (feat. Justin Bieber),"Jack √ú, Skrillex & Diplo"
Eenie Meenie (Radio Version),Sean Kingston & Justin Bieber
A Thousand Miles,Vanessa Carlton
Circles,Post Malone
Beginning,Joeboy
Don't Like.1,"Kanye West, Chief Keef, Pusha T, Big Sean & Jadakiss"
Clique,"Kanye West, JAY-Z & Big Sean"
Mercy.1,"Kanye West, Big Sean, Pusha T & 2 Chainz"
Reason,11:11
Fade,Kanye West
Yikes,Kanye West
Hollywood's Bleeding,Post Malone
Take What You Want (feat. Ozzy Osbourne & Travis Scott),Post Malone
Sunflower (Spider-Man: Into the Spider-Verse),Post Malone & Swae Lee
RN4L,Lil Durk
You Came to Party (feat. Too $hort),Meter Mobb
INTRO,DaBaby
John Redcorn,SiR
Feels (feat. Young Thug & J Hus),Ed Sheeran
Memo,Young Thug
Power,Young Thug
223's (feat. 9lokknine),YNW Melly
Worst Behavior,Drake
Own It,Drake
My Boo,USHER & Alicia Keys
Runaway Love (feat. Mary J. Blige),Ludacris
U Remind Me,USHER
Mountain at My Gates,Foals
Yeah! (feat. Lil Jon & Ludacris),USHER
DJ Got Us Fallin' in Love (feat. Pitbull),USHER
U Got It Bad,USHER
F.N,Lil Tjay
Hold On,Lil Tjay
VIBEZ,DaBaby
&Run,Sir Sly
Camelot,NLE Choppa
Capo,NLE Choppa
Gave Em Hope,Meek Mill
Na Na,Trey Songz
One Two,Ugly God
Abg,Quando Rondo
Lockjaw (feat. Kodak Black),French Montana
First Day Out,Tee Grizzley
Who the Fuck Is You,Xavier Wulf
Ocean Drive,Duke Dumont
Need a Best Friend (feat. Lil Quee and Quando Rondo),A Boogie wit da Hoodie
Believe Me (feat. Drake),Lil Wayne
Drop the World (feat. Eminem),Lil Wayne
Paper Rings,Taylor Swift
American Boy (feat. Kanye West),Estelle
War (feat. Lil Tjay),Pop Smoke
Poison,Bell Biv DeVoe
My Prerogative,Bobby Brown
Bandit,Juice WRLD & YoungBoy Never Broke Again
Post To Be (feat. Rileyy Lanez),Lil Tjay
Leaked (feat. Lil Wayne) [Remix],Lil Tjay
Say My Name,Destiny's Child
"Bad, Bad Leroy Brown",Jim Croce
rockstar (feat. 21 Savage),Post Malone
No Complaints (feat. Offset & Drake) [Bonus],Metro Boomin
"Stayin' Alive (From ""Saturday Night Fever"" Soundtrack)",Bee Gees
No Question (feat. Future),Rich The Kid
Old Town Road (feat. Billy Ray Cyrus) [Remix],Lil Nas X
"Happy (From ""Despicable Me 2"")",Pharrell Williams
Blurred Lines (feat. T.I. & Pharrell),Robin Thicke
Every Hour (feat. Sunday Service Choir),Kanye West
Keep Your Head Up,Andy Grammer
Remember the Name (feat. Styles of Beyond),Fort Minor
Closed on Sunday,Kanye West
Selah,Kanye West
They Don't Care About Us,Michael Jackson
Don‚Äôt Matter To Me,Drake & Michael Jackson
Billie Jean,Michael Jackson
Don't Stop 'Til You Get Enough,Michael Jackson
It's On Again (feat. Kendrick Lamar) [From The Amazing Spider-Man 2 Soundtrack],Alicia Keys
War With Us,YoungBoy Never Broke Again
Jesus Walks,Kanye West
All Falls Down (feat. Syleena Johnson),Kanye West
Topanga,Trippie Redd
UP (A COLORS SHOW),EARTHGANG
Otherside (feat. Lil Durk),Quando Rondo
Drip Like Dis,"Bankroll Freddie, Young Dolph & Lil Baby"
Sauce All on Me,Coca Vango
Let's Go,Cypria
I Am,Lil Baby & Gunna
Top Off,Gunna
Big Shot,Gunna
Pound Cake / Paris Morton Music 2 (feat. JAY Z),Drake
All Me (feat. 2 Chainz & Big Sean),Drake
Find Your Love,Drake
Soy Yo,Bomba Est√©reo
Hit It,American Authors
We Sink,CHVRCHES
Runnin',David Dallas
Funky Futurista,Illya Kuryaki & The Valderramas
Purple Yellow Red and Blue,Portugal. The Man
I Am (feat. Wyclef Jean),Rock Mafia
Never Gonna Give You Up,Rick Astley
Somebody to Love,Justin Bieber
All I Want For Christmas Is You (SuperFestive!) Duet with Mariah Carey,Justin Bieber & Mariah Carey
Mistletoe,Justin Bieber
Beauty and a Beat (feat. Nicki Minaj),Justin Bieber
Cold Water (feat. Justin Bieber & M√ò),Major Lazer
SexyBack (feat. Timbaland),Justin Timberlake
Rock Your Body,Justin Timberlake
"Baby, It's Cold Outside (with Dorothy Kirsten)",Frank Sinatra
Centuries,Fall Out Boy
Purple Hat,Sofi Tukker
You Don't Know Me,Jax Jones & RAYE
Crazy Rap (Colt 45 & 2 Zig Zags),Afroman
Tokyo Drift,Teriyaki Boyz
The Look,Metronomy
The Matrimony (feat. Usher),Wale
Shea Butter Baby,Ari Lennox & J. Cole
Birthday,J-Soul
Heart on Ice,Rod Wave
Know Yourself,Drake
Forgot About Dre (feat. Eminem),Dr. Dre
The Next Episode (feat. Snoop Dogg),Dr. Dre
Pony,Ginuwine
All My Friends (feat. Tinashe & Chance The Rapper),Snakehips
Bobby Bitch,Bobby Shmurda
I Want It That Way,Backstreet Boys
That Far,6LACK
Promises,"Calvin Harris, Sam Smith"
Wipe the Case Away (feat. Ty Real),Bobby Shmurda
Hot N*gga,Bobby Shmurda
"Down Like That (feat. Rick Ross, Lil Baby & S-X)",KSI
Ransom,Lil Tecca
Jolene,Dolly Parton
Vibin in This Bih (feat. Gucci Mane),Kodak Black
Skrt,Kodak Black
Ballin‚Äô,Mustard & Roddy Ricch
Super Bass,Nicki Minaj
W (feat. Gunna),Koffee
I Am Who They Say I Am (feat. Kevin Gates and Quando Rondo),YoungBoy Never Broke Again
Bugatti (feat. Future & Rick Ross),Ace Hood
Who's,Jacquees
Culture (feat. DJ Khaled),Migos
Crazy in Love (feat. Jay-Z),Beyonc√©
Empire State of Mind (feat. Alicia Keys),JAY-Z & Alicia Keys
Umbrella (feat. JAY Z),Rihanna
Black Skinhead,Kanye West
Follow God,Kanye West
Sucker,Jonas Brothers
Burnin' Up,Jonas Brothers
I'm Gonna Getcha Good! (Red Single Edit),Shania Twain
Heartless,The Weeknd
Lucid Dreams,Juice WRLD
Scary,Stormzy
Own It (feat. Ed Sheeran & Burna Boy),Stormzy
Vossi Bop,Stormzy
WIN,Jay Rock
Double C's,Quando Rondo
Die Young,Roddy Ricch
Writing's On the Wall,Sam Smith
Slide (feat. Frank Ocean & Migos),Calvin Harris
Freedom! '90,George Michael
Freedom (feat. Kendrick Lamar),Beyonc√©
Whatcha Say,Jason Derulo
Regulate (feat. Nate Dogg),Warren G
Love Song,Sara Bareilles
90210 Main Title (2009 Remix) [Remix],Remix
How We Do (feat. 50 Cent),The Game
Heart of the City (Ain't No Love),JAY-Z
"Girls, Girls, Girls, Pt. II",JAY-Z
Renegade (feat. Eminem),JAY-Z
U Don't Know,JAY-Z
Izzo (H.O.V.A.),JAY-Z
Hate Me Now (feat. Diddy),Nas
Nas Is Like,Nas
Song Cry,JAY-Z
N.Y. State of Mind,Nas
Ether,Nas
Smells Like Teen Spirit,Nirvana
The Box,Roddy Ricch
Without Me,Eminem
Animal,Neon Trees
Fireflies,Owl City
Come and Get Your Love,Redbone
Love Shack,The B-52's
Peta (feat. Meek Mill),Roddy Ricch
Pumped Up Kicks,Foster the People
16 Shots,Stefflon Don
"Lose Yourself (From ""8 Mile"")",Eminem
Really Got It,Jerreau
Praktice,Young M.A
Calm Down (feat. Kayam),BrownKam
Tubthumping,Chumbawamba
Hot (feat. Gunna),Young Thug
Earned It,The Weeknd
Earned It,Chief Keef
Can You Be My Friend,Chief Keef
No Frauds,"Nicki Minaj, Drake & Lil Wayne"
Blinding Lights,The Weeknd
Had Enough (feat. Quavo & Offset),Don Toliver
Djadja,Aya Nakamura
She Will (feat. Drake),Lil Wayne
Faded (feat. Lil Wayne),Tyga
HIGHEST IN THE ROOM,Travis Scott
Hop Off a Jet (feat. Travis Scott),Young Thug
Die Today,Young Thug
Diamonds (feat. Gunna),Young Thug
Opp Thot,POUNDZ
Somebody That I Used to Know (feat. Kimbra),Gotye
...To Be Loved,Papa Roach
Lean On (feat. M√ò & DJ Snake),Major Lazer
Death (feat. DaBaby),Trippie Redd
Dark Knight Dummo (feat. Travis Scott),Trippie Redd
Miss Independent,Ne-Yo
Call Me Maybe,Carly Rae Jepsen
Really Really,Kevin Gates
Got It Twisted,Mobb Deep
Transportin',Kodak Black
Successful (feat. Trey Songz & Lil Wayne),Drake
T.O.N.Y (Top of New York) [feat. Tragedy Khadafi],Capone-N-Noreaga
Nothin',N.O.R.E.
Off the Rip (feat. Chinx & N.O.R.E.),French Montana
Party Is Goin' On Over Here,Busta Rhymes
X Gon' Give It To Ya,DMX
Party Up,DMX
Run,Katori Walker
Too Many Foes,Katori Walker
Sometimes (feat. Elijah James),Katori Walker
Dolla Save Me,Katori Walker
Purple Lamborghini,Skrillex & Rick Ross
Ain't No Time,Future
Friction,Imagine Dragons
Kill V. Maim,Grimes
On Purpose (feat. Pitbull & 40 Cobras),Dougie F
21st Century Life,Sam Sparro
Gold,Kiiara
Dilemma (feat. Kelly Rowland),Nelly
Makaveli,Bousmara Division N¬∞1
"Sweet in the Middle (feat. WurlD, Naira Marley & Zlatan)",Davido
On Chill (feat. Jeremih),Wale
Ride Wit Me (feat. City Spud),Nelly
The Next Movement,"DJ Jazzy Jeff, Jazzyfatnastees & The Roots"
This Is America,Childish Gambino
"Gangsta (feat. Davido, Tion Wayne & SL) [Remix]",Darkoo
We Dem Boyz,Wiz Khalifa
Greenback Boogie,Ima Robot
Sum 2 Prove,Lil Baby
OUT WEST (feat. Young Thug),JACKBOYS & Travis Scott
How I Move (feat. Lil Baby),Flipp Dinero
Steal My Girl,One Direction
Burn the House Down,AJR
BROWN SKIN GIRL,"Beyonc√©, SAINt JHN, Wizkid & Blue Ivy Carter"
Back & Forth,Aaliyah
Obsessed,Mariah Carey
We Need A Resolution (feat. Timbaland),Aaliyah
I Don't Wanna,Aaliyah
Dancing With A Stranger,Sam Smith & Normani
Rap God,Eminem
Big Conspiracy (feat. ice√® tgm),J Hus
Play Play (feat. Burna Boy),J Hus
A Thousand Years,Christina Perri
Live Up to My Name,Baka Not Nice
Suga Suga (feat. Frankie J),Baby Bash
Live Your Life (feat. Rihanna),T.I.
This Could Be Us,Rae Sremmurd
TAlk tO Me,Tory Lanez & Rich The Kid
U Mad (feat. Kanye West),VIC MENSA
Good Drank (feat. Gucci Mane & Quavo),2 Chainz
Outta Control (feat. Mobb Deep) [Remix],50 Cent
Whatever You Like,T.I.
Bed,J. Holiday
Watch Out,2 Chainz
"It's a Vibe (feat. Ty Dolla $ign, Trey Songz & Jhen√© Aiko)",2 Chainz
4 AM (feat. Travis Scott),2 Chainz
Thot (feat. Young M.A. & Dios Moreno),Uncle Murda
Bathwater,WESLEE
Get Dripped (feat. Playboi Carti),Lil Yachty
"Money, Money, Money",ABBA
Seve (Radio Edit),Tez Cadey
I Got 5 On It,Luniz
Tesumole,Naira Marley
Waka Waka (This Time for Africa) [The Official 2010 FIFA World Cup (TM) Song] [feat. Freshlyground],Shakira
Hips Don't Lie (feat. Wyclef Jean),Shakira
"Whenever, Wherever",Shakira
On the Floor (feat. Pitbull),Jennifer Lopez
Jenny from the Block (Track Masters Remix feat. Styles & Jadakiss),Jennifer Lopez
La La La (Brazil 2014) [feat. Carlinhos Brown],Shakira
Anthem,Michael Abels
Hood Mentality,Ice Cube
Novacane,Frank Ocean
Cheap Thrills (feat. Sean Paul),Sia
Dior,Pop Smoke
GATTI,"JACKBOYS, Pop Smoke & Travis Scott"
Christopher Walking,Pop Smoke
Green Light,Cuppy & Tekno
Mrs. Officer (feat. Bobby V & Kidd Kidd),Lil Wayne
Blessed Up,Meek Mill
Momentum,Quantrelle
O Fortuna,Mozarteum Orchestra Salzburg & Kurt Prestel
Island In the Sun,Weezer
Africa,Toto
Fabulous,Phineas & Bobby Fabulous
El Chapo (Bonus Track),The Game & Skrillex
Love Is Mystical,Cold War Kids
Vibe With,Eli Sostre
Birds Chirping,Eli Sostre
New Pirelli,Eli Sostre
Say It Ain't So,Weezer
300 Violin Orchestra,Jorge Quintero
Undeniable (feat. Richie Sosa),Donnie Daydream
Shotta Flow,NLE Choppa
Bad Vibe (feat. A Boogie wit da Hoodie & 2 Chainz),Quando Rondo
Finer Things,Polo G
Pop Out Again (feat. Lil Baby & Gunna),Polo G
Come With Me Now,KONGOS
Vibe (If I Back It Up),Cookiee Kawaii
Catch Up (feat. Chief Keef),G Herbo & Southside
After Hours,The Weeknd
Omert√†,Drake
Candy Shop (feat. Olivia),50 Cent
APR 10th (feat. s√©bago),GKD & JohnnyJon
Falling Down (Bonus Track),Lil Peep & XXXTENTACION
Milly Rock,2 Milly
Wasting My Time,Default
Quiet Storm Remix (feat. Lil' Kim),Mobb Deep
"Yea, Yea, Yea",Mobb Deep
Heat,Mobb Deep
Watch Ya Self,Mobb Deep
Stole Something (feat. Lloyd Banks),Mobb Deep
Pearly Gates (feat. 50 Cent),Mobb Deep
Falling in Love (feat. Andrew Langston),Dennis Kruissen
Closer (feat. Halsey),The Chainsmokers
Don't Let Me Down (feat. Daya),The Chainsmokers
Roses (feat. ROZES),The Chainsmokers
Soke,Burna Boy
War,Edwin Starr
Habitu√©,Dosseh
Rainfall (feat. Tiana Major9),Stormzy
Audacity (feat. Headie One),Stormzy
Heaven Or Hell,Don Toliver
Special (feat. Offset and Solo Lucci),Young Thug
Hercules,Young Thug
With or Without You,U2
679 (feat. Monty),Fetty Wap
Trap Queen,Fetty Wap
Murder on My Mind,YNW Melly
Love Sosa,Chief Keef
Dead Or Alive,Jazz Cartier
Shut Up and Dance,WALK THE MOON
Swalla (feat. Nicki Minaj & Ty Dolla $ign),Jason Derulo
Tip Toe (feat. French Montana),Jason Derulo
Want to Want Me,Jason Derulo
Ridin' Solo,Jason Derulo
Trumpets,Jason Derulo
Droptop,T Mulla & Hardy Caprio
Wish Wish (feat. Cardi B & 21 Savage),DJ Khaled
Toast,Koffee
Repeat (feat. Koffee),J Hus
Silly Watch,Lil Uzi Vert
Snowchild,The Weeknd
Faith,The Weeknd
In Your Eyes,The Weeknd
Adventure of a Lifetime,Coldplay
Love You Like a Love Song,Selena Gomez & The Scene
Save Your Tears,The Weeknd
So High (feat. Ghost Loft),Wiz Khalifa
Unwritten,Natasha Bedingfield
Big Drippa,2rare
Bodak Yellow,Cardi B
The Monster (feat. Rihanna),Eminem
"F**kin' Problems (feat. Drake, 2 Chainz & Kendrick Lamar)",A$AP Rocky
All of Me,John Legend
No Fear,DeJ Loaf
"Pills & Automobiles (feat. Yo Gotti, A Boogie wit da Hoodie & Kodak Black)",Chris Brown
All Eyes On You (feat. Chris Brown & Nicki Minaj),Meek Mill
Post To Be (feat. Chris Brown & Jhene Aiko),Omarion
Run It! (feat. Juelz Santana),Chris Brown
Yo (Excuse Me Miss),Chris Brown
Fun (feat. Chris Brown),Pitbull
New Flame (feat. Usher & Rick Ross),Chris Brown
Kiss Kiss (feat. T-Pain),Chris Brown
My Way (feat. Monty),Fetty Wap
Again,Fetty Wap
"Young, Wild & Free (feat. Bruno Mars)",Snoop Dogg & Wiz Khalifa
No Idea,Don Toliver
Just a Lil Bit,50 Cent
Forever Came Today,Jackson 5
Adam and Eve (feat. The-Dream),Nas
Devil Eyes,Hippie Sabotage
Survivor,Destiny's Child
Don't Rush (feat. Headie One),Young T & Bugsey
LOYAL (feat. Drake),PARTYNEXTDOOR
SPLIT DECISION,PARTYNEXTDOOR
Flashy,Maleek Berry
OT Bop,NSG
Took Her to the O,King Von
Crazy Story,King Von
On Yo Ass,King Von & G Herbo
Mundian to Bach Ke,Panjabi MC
Heard 'Em Say (feat. Adam Levine),Kanye West
Touch the Sky (feat. Lupe Fiasco),Kanye West
Gold Digger (feat. Jamie Foxx),Kanye West
Roses,Kanye West
Drive Slow (feat. Paul Wall & GLC),Kanye West
Get Em High (feat. Talib Kweli & Common),Kanye West
Like That (feat. Gucci Mane),Doja Cat
You Give Love a Bad Name,Bon Jovi
Life Is Good (feat. Drake),Future
Toosie Slide,Drake
Funkytown,"Lipps, Inc."
Y.M.C.A,Funky Town
Dancin (feat. Luvli) [Krono Remix],Aaron Smith
Roses (Imanbek Remix),SAINt JHN
Bop Daddy (feat. Ms Banks),Falz
Mask Off,Future
BBO (Bad Bitches Only) [feat. 21 Savage],Migos
Walk It Talk It (feat. Drake),Migos
Stir Fry,Migos
Higher We Go (Intro),Migos
Open It Up,Migos
Glad You Came,The Wanted
Chasing The Sun (2021 Master),The Wanted
Down In the DM,Yo Gotti
Again (feat. Geko),Kida Kudz
Rock Your Body,Burna Boy
NFL on FOX Theme,Soundtrack Guru
Colors,Jason Derulo
"Posthumus Zone (The Theme to ""The NFL On CBS"")",E.S. Posthumus
Do The Most,Tory Lanez
Runnin (From Creed II The Album),MPEG audio file
3 Vets,The Future Kingz
Drop It Like It's Hot (feat. Pharrell Williams),Snoop Dogg
"All I Do Is Win (feat. T-Pain, Ludacris, Snoop Dogg & Rick Ross)",DJ Khaled
Tremble,Mosaic MSC
Whole Heart (Hold Me Now) [Live],Hillsong UNITED & TAYA
Mambo No. 5 (a Little Bit of...),Lou Bega
Sweet Like Cola,Lou Bega
I Got a Girl,Lou Bega
Why You Always Hatin? (feat. Drake & Kamaiyah),YG
LOVE IN THE DARK,Jessie Reyez
Love in the Dark,Adele
L$D,A$AP Rocky
Practice,Freddie Gibbs & Madlib
Simple You (feat. The Code),Preme
I Want You Around (Remix) [feat. 6LACK],Snoh Aalegra
Sundress,A$AP Rocky
"Hold On, We're Going Home (feat. Majid Jordan)",Drake
Run This Town (feat. Rihanna & Kanye West),JAY-Z
1400 / 999 Freestyle (feat. Juice WRLD),Trippie Redd
All In,Lil Baby
No Diggity (feat. Dr. Dre & Queen Pen),Blackstreet
Negative Energy (feat. Kodie Shane),Trippie Redd
Trippin,French Montana
Stay Schemin' (feat. Drake & French Montana),Rick Ross
Space Jam,Quad City DJ's
Stormzy_x_Section_Boyz_Type_Beat_Prayer_üôè_UK_Rap_Instrumental_Tantu_Beats[Youtubetomp3.sc],MPEG audio file
Almost Slipped,Meek Mill
Tic Tac Toe (feat. Kodak Black),Meek Mill
Pay You Back (feat. 21 Savage),Meek Mill
100 Summers,Meek Mill
Wit the S***s (W.T.S) [feat. Melii],Meek Mill
Stuck in My Ways,Meek Mill
Migos Type Beat - Legendary (Prod. By Superstaar Beats & Loud Beats),MPEG audio file
Cypria- Let's Go,MPEG audio file
Lil Baby Freestyle (Official Instrumental) [Prod. By 30 Shot Jay],MPEG audio file
Who Needs Love,Trippie Redd
"Bam (feat. Damian ""Jr. Gong"" Marley)",JAY-Z
Family Feud (feat. Beyonc√©),JAY-Z
Elimination,JayDaYoungan
Realest In the City (feat. Meek Mill & PARTYNEXTDOOR),P. Reign
Summer Paradise (feat. Sean Paul),Simple Plan
Snake,Lil Keed
When I Was Your Man,Bruno Mars
Locked Out of Heaven,Bruno Mars
Just the Way You Are,Bruno Mars
Marry You,Bruno Mars
Wake Up in the Sky,"Gucci Mane, Bruno Mars & Kodak Black"
Rocketeer (feat. Ryan Tedder),Far East Movement & Ryan Tedder
Who Am I (What's My Name),Snoop Dogg
Thief In the Night,Young Thugga
Wrist,Two Two
Thriller,Michael Jackson
Contact (feat. Tyga),Wiz Khalifa
Deep Pockets,Drake
War,Drake
Foreigner (feat. A Boogie wit da Hoodie),Pop Smoke
Nba On Tnt Theme,Bobby Morganstein
Creep (feat. 50 Cent),Mobb Deep
Escape From LA,The Weeknd
Believe (feat. Justin Timberlake),Meek Mill
Summertime,DJ Jazzy Jeff & The Fresh Prince
3 Headed Goat (feat. Lil Baby & Polo G),Lil Durk
All Love,Lil Durk
Gucci Gucci (feat. Gunna),Lil Durk
Viral Moment,Lil Durk
"Shook Ones, Part I (Original Version)",Mobb Deep
"Wu Tang Forever (feat. Ghostface Killah, Raekwon, RZA, Method Man, Inspectah Deck, Cappadonna, Jackpot Scotty Wotty, U-God, Masta Killa & GZA)",Logic
"Shinamania, Pt. 1",Sir Shina Peters
No Debate (feat. Young Thug),NAV
Codeine (feat. Gunna),NAV
Racks 2 Skinny,Migos
Wavin' Flag,K'naan
Comin Out Strong (feat. The Weeknd),Future
Heatin Up,Lil Baby & Gunna
WHATS POPPIN,Jack Harlow
Beautiful Pain (Losin My Mind),Polo G
33,Polo G
I Know,Polo G
Wishing For A Hero (feat. BJ the Chicago Kid),Polo G
Trials & Tribulations,Polo G
DND,Polo G
21,Polo G
Flex (feat. Juice WRLD),Polo G
Go Stupid (feat. NLE Choppa & Mike WiLL Made-It),Polo G & Stunna 4 Vegas
Don't Believe The Hype,Polo G
Relentless,Polo G
Hooked on a Feeling,Blue Swede
Brandy (You're A Fine Girl),Looking Glass
Ultimate,Denzel Curry
High Hopes,Panic! At the Disco
I Write Sins Not Tragedies,Panic! At the Disco
"Hey Look Ma, I Made It",Panic! At the Disco
Death of a Bachelor,Panic! At the Disco
Victorious,Panic! At the Disco
Roaring 20s,Panic! At the Disco
Dancing's Not a Crime,Panic! At the Disco
One of the Drunks,Panic! At the Disco
Don't Threaten Me with a Good Time,Panic! At the Disco
Mr. Brightside,The Killers
Clint Eastwood,Gorillaz
Dare,Gorillaz
Immortals,Fall Out Boy
Crazy=Genius,Panic! At the Disco
Can't Tell Me Nothing,Kanye West
I Ain't Done,Andy Mineo
Hotel Room Service,Pitbull
Shine the Light,Reverend and the Makers
Time of Our Lives,Pitbull & Ne-Yo
Timber (feat. Ke$ha),Pitbull
"Give Me Everything (feat. Ne-Yo, Afrojack & Nayer)",Pitbull
Fireball (feat. John Ryan),Pitbull
Golden Days,Panic! At the Disco
"The Good, the Bad and the Dirty",Panic! At the Disco
GIMMICK,Gunna
Houdini (feat. Swarmz & Tion Wayne),KSI
International Love (feat. Chris Brown),Pitbull
Scarred From Love,Quando Rondo
Uptown II (feat. Farruko),Meek Mill
RITMO (Bad Boys For Life) (Remix),"Black Eyed Peas, J Balvin & Jaden"
ROCKSTAR (feat. Roddy Ricch),DaBaby
That's My N****,"Meek Mill, YG & Snoop Dogg"
"Feels (feat. Pharrell Williams, Katy Perry & Big Sean)",Calvin Harris
Welcome to the Jungle,Guns N' Roses
It's So Easy,Guns N' Roses
Halloween Theme,"John Carpenter, Cody Carpenter & Daniel Davies"
Nightmare,Offset & Metro Boomin
Im a Dog (feat. DG Yola),Gucci Mane
GG,YoungBoy Never Broke Again
Skateboard P,MadeinTYO
Monster,Meek Mill
Accepting My Flaws,Future
Too Good at Goodbyes,Sam Smith
Stay With Me,Sam Smith
I'm Not The Only One,Sam Smith
When It Rains It Pours,Luke Combs
Poppin,Rick Ross
Poppin,Rico Richie
"Poppin' (Remix) [feat. Chris Brown, French Montana & Meek Mill]",Rico Richie
No One Like You (Deluxe),P-Square
Invincible,Pop Smoke
Shake the Room (feat. Quavo),Pop Smoke
Summer Sixteen,Drake
Legend,Drake
On the Run (feat. Nelly Furtado & K-OS),Saukrates
Worldwide,Big Time Rush
Til I Forget About You,Big Time Rush
4AM (feat. Love Renaissance (LVRN)),"Manny Nort√©, 6LACK, Rema & Tion Wayne"
Take a Minute,K'naan
Mr. Officer (feat. Queen Naija and members of the Detroit Youth Choir),Tee Grizzley
Locked Up (Explicit),Akon
Smack That (feat. Eminem) [Dirty],Akon
"Sorry, Blame It On Me (Main)",Akon
My Funny Valentine,Frank Sinatra
Body On Me (feat. Akon & Ashanti),Nelly
Another One Bites the Dust,Queen
Zoo York (feat. Fivio Foreign & Pop Smoke),Lil Tjay
Savage Love (Laxed - Siren Beat),Jawsh 685 x Jason Derulo
24,Money Man
Ay Caramba,"Stay Flee Get Lizzy, Fredo & Young T & Bugsey"
En Route,Young T & Bugsey
Rover (feat. DTG),S1mba
Pop My Shit,Moneybagg Yo
My Baby,Chief Keef
Age Ain't Nothing But a Number,Aaliyah
"Get the Strap (feat. Casanova, 6ix9ine & 50 Cent)",Uncle Murda
2AM (feat. Tory Lanez & Davido),Casanova
Woah (feat. Jeremih),Casanova
In My Bed (feat. Wale),Rotimi
Make It Rain (feat. Rowdy Rebel),Pop Smoke
Stuck Like Glue,Sugarland
No More Parties in LA,Kanye West
JoJo Pose,Apollo Fresh
Sex Sounds,Lil Tjay
My Boy (feat. J. Cole) [Freestyle],Wale
No Role Modelz,J. Cole
Wet Dreamz,J. Cole
Neighbors,J. Cole
DOLLAZ ON MY HEAD (feat. Young Thug),Gunna
Get Back,Pop Smoke
Ooouuu,Young M.A
Fish n Grits (feat. Travis Scott),Wale
You Can't Win (The Wiz/Soundtrack Version),Michael Jackson
"Calvin Harris, Pharrell Williams, Katy Perry and Big Sean- Feels (Lyrics)",MPEG audio file
Hate the Other Side,"Juice WRLD, Marshmello & The Kid LAROI"
Suit & Tie (feat. JAY-Z),Justin Timberlake
Mirrors,Justin Timberlake
RELENTLESS (feat. Lil Uzi Vert),Gunna
Hard in Da Paint,Waka Flocka Flame
Enter Sandman,Metallica
Sirius,The Alan Parsons Project
Drip or Drown,Gunna
Prospect (feat. Lil Baby),iann dior
Break My Heart,Dua Lipa
New Rules,Dua Lipa
Don't Start Now,Dua Lipa
Electricity (feat. Diplo & Mark Ronson),"Silk City, Dua Lipa"
Damned,Kevin Sherwood
A Brotherhood of Heroes,"Wilbert Roget, II"
The Imperial March (Darth Vader's Theme),John Williams & London Symphony Orchestra
Duel of the Fates,John Williams & London Symphony Orchestra
Anakin vs. Obi-Wan,John Williams & London Symphony Orchestra
RGF Island,Fetty Wap
Jugg (feat. Monty),Fetty Wap
When We Party (feat. Snoop Dogg),Faith Evans & The Notorious B.I.G.
FUCK 12 (feat. Offset),Quavo
The Mandalorian,Ludwig G√∂ransson
Battle of the Heroes & Duel of the Fates,Samuel Kim
The City,The 1975
Chocolate,The 1975
Girls,The 1975
Little Games,The Colourist
Level Up (Twice as Tall) [feat. Youssou N'Dour],Burna Boy
Alarm Clock,Burna Boy
The Ringer,Eminem
Chanel,Frank Ocean
Whole Lotta Money,AB
Raise Your Glass,P!nk
How You Remind Me,Nickelback
She Keeps Me Up,Nickelback
Rockstar (2020 Remaster),Nickelback
Burn It to the Ground,Nickelback
Photograph (Acoustic) [2020 Remaster],Nickelback
If Today Was Your Last Day,Nickelback
Dancing In the Moonlight,Toploader
Laugh Now Cry Later (feat. Lil Durk),Drake
Chicago Freestyle,Drake & GIVƒíON
"T.D (feat. A$AP Rocky & Tyler, The Creator)",Lil Yachty & Tierra Whack
MY POWER,"Tierra Whack, Beyonc√©, Moonchild Sanelly, Nija, DJ Lag, Yemi Alade & Busiswa"
Know Your Name,Ne-Yo
Because of You,Ne-Yo
Hip Hop Hooray,Naughty By Nature
Cosy in the Rocket,The Chillout Airlines Crew
Good Morning,Kanye West
Oliver Twist,D'banj
Suddenly,D'banj
Winner (feat. Justin Timberlake & T.I.),Jamie Foxx
Beat It (Single Version),Michael Jackson
Billie Jean (Single Version),Michael Jackson
It's You,Ali Gatie
H.O.E,Speed Gang
Trouble Nobody,Akon
Stillmatic (The Intro),Nas
Rewind,Nas
I Wanna Know,Joe
Spicy (feat. Fivio Foreign & A$AP Ferg),Nas
Looking At a Champ,"Alexander Hitchens, DubXX & Tezo"
Marvins Room,Drake
Black Hearted,Barlito Barlito
Suddenly I See,KT Tunstall
Can't Hold Us (feat. Ray Dalton),"Macklemore & Ryan Lewis, Macklemore & Ryan Lewis"
Wash Us in the Blood (feat. Travis Scott),Kanye West
Baby By Me (feat. Ne-Yo),50 Cent
Common Sense,J Hus
Strike a Pose (feat. Aitch),Young T & Bugsey
Gangland (feat. Belly Squad),Young T & Bugsey
For What It's Worth,Buffalo Springfield
"No Hearts, No Love",Big Sean & Metro Boomin
2 Step (Interlude),"Marcel, Ayon Mukherji & taylor aime√©"
"Bump, Bump, Bump (B2K and P. Diddy)",B2K
Borderline,Tame Impala
Blow the Whistle,Too $hort
Helicopter (feat. ice√® tgm),J Hus
Griselda Blanco (feat. TwoTwo),Pengz
Richard Millie Plain,Gunna
5 O'Clock (feat. Lily Allen & Wiz Khalifa),T-Pain
Martin & Gina,Polo G
Need It (feat. YoungBoy Never Broke Again),Migos
Fly Shit Only,Future
Tonight (Best You Ever Had) [feat. Ludacris],John Legend
Element,Pop Smoke
Takeover,JAY-Z
Intro,21 Savage & Metro Boomin
Runnin,21 Savage & Metro Boomin
Glock in My Lap,21 Savage & Metro Boomin
Snitches & Rats (Interlude),21 Savage & Metro Boomin
Snitches & Rats (feat. Young Nudy),21 Savage & Metro Boomin
My Dawg,21 Savage & Metro Boomin
Steppin on N****s,21 Savage & Metro Boomin
These Boots Are Made for Walkin',Nancy Sinatra
Best Friend,50 Cent
Pop Out (feat. Lil Tjay),Polo G
Millions,Young Thug
QUARANTINE CLEAN,"Turbo, Gunna & Young Thug"
ORANGE SODA,Baby Keem
Say So,Doja Cat
Hoes (feat. Mannie Fresh),Lil Wayne
Drop 'Em Out,Wheeler Walker Jr.
Chastised,Lil Baby
Soul Ties,Major Nine
Met Gala (feat. Offset),Gucci Mane
GREECE (feat. Drake),DJ Khaled
Collateral Damage,Burna Boy
Omo,Burna Boy
Gum Body (feat. Jorja Smith),Burna Boy
Dangote,Burna Boy
Pull Up,Burna Boy
Gang Gang,Migos
Shameless,The Weeknd
Kontrol,Maleek Berry
Deja Vu,Burna Boy
One Second (feat. H.E.R.),Stormzy
Many Men (Wish Death),50 Cent
Make No Sense,YoungBoy Never Broke Again
WAP (feat. Megan Thee Stallion),Cardi B
Pull Up wit ah Stick (feat. Loso Loaded),SahBabii
L.A.LOVE (la la) [feat. YG],Fergie
6 Foot 7 Foot (feat. Cory Gunz),Lil Wayne
Lollipop (feat. Static Major),Lil Wayne
A Milli,Lil Wayne
How To Love,Lil Wayne
Who You Foolin,Gunna
Savage,Megan Thee Stallion
Tap In,Saweetie
LAND OF THE FREE,Joey Bada$$
Rump Shaker,Wreckx-N-Effect
Shoop,Salt-N-Pepa
U Can't Touch This,MC Hammer
"Married To the Game (feat. French Montana, Sam Hook & Dubb)",The Game
Location (feat. Burna Boy),Dave
London (feat. EO),AJ x Deno
You‚Äôre Mines Still (feat. Drake),Yung Bleu
POPSTAR (feat. Drake),DJ Khaled
Whiskey Glasses,Morgan Wallen
If I Know Me,Morgan Wallen
LA to Calabasas,"GKD, S√©bago & JohnnyJon"
Way Too Big,Burna Boy
No Lie (feat. Drake),2 Chainz
No Lie (feat. Dua Lipa),Sean Paul
Kiss Me Thru the Phone (feat. Sammie),Soulja Boy Tell 'Em
Crank That (Soulja Boy),Soulja Boy Tell 'Em
BONITA (feat. BMK Baby),KAYAM
Ain't No Sunshine,Bill Withers
The Ways,"GKD, S√©bago & JohnnyJon"
Slow It Down (feat. Drake),Short Dawg
X (feat. Future),21 Savage & Metro Boomin
Gucci Bucket Hat (feat. Herion Young),Pap Chanel & Future
Rent Money,Future
Whole Lotta Choppas (Remix) [feat. Nicki Minaj],Sada Baby
Good Life,G-Eazy & Kehlani
Dreams,Fleetwood Mac
Over Now,"Calvin Harris, The Weeknd"
Doudou,Aya Nakamura
Desperado,Rihanna
Like Me (feat. Kevin Flum),Deff
Professor X,Dave
Stan (feat. Dido),Eminem
Murder She Wrote,Chaka Demus & Pliers
7 Summers,Morgan Wallen
Friends & Family,NAV
What That Speed Bout!?,"Mike WiLL Made-It, Nicki Minaj & YoungBoy Never Broke Again"
Want You Back,HAIM
Drankin N Smokin,Future & Lil Uzi Vert
"Sucker for Pain (with Logic, Ty Dolla $ign & X Ambassadors)","Lil Wayne, Wiz Khalifa & Imagine Dragons"
Isis (feat. Logic),Joyner Lucas
Heathens,twenty one pilots
Ginger (feat. Burna Boy),Wizkid
Okay,Adekunle Gold
Infinity (feat. Omah Lay),Olamide
Damn (feat. 6lack),Omah Lay
Nobody (Icons Remix),"DJ Neptune, Laycon & Joeboy"
Let Me Go (feat. Victory),Dozie
Ac Milan (feat. Yung Dudi),Dozie
Nonsense (feat. Chip),NSG
Get You (feat. Kali Uchis),Daniel Caesar
Smile (feat. H.E.R.),Wizkid
Piece of Me (feat. Ella Mai),Wizkid
No Stress,Wizkid
I'll Whip Ya Head Boy (feat. Young Buck),50 Cent
Window Shopper,50 Cent
When It Rains It Pours,50 Cent
Hustler's Ambition,50 Cent
Get In My Car,50 Cent
Hate It Or Love It (feat. 50 Cent),The Game
Juicy,Darkoo & Hardy Caprio
Emotionally Scarred,Lil Baby
No Mickey Mouse Ting,Young T & Bugsey
Trini Dem Girls (feat. Lunchmoney Lewis),Nicki Minaj
Kitchen,Kid Cudi
Bills,LunchMoney Lewis
Willy,nobigdyl. & Andy Mineo
Vetement Socks,NAV
Violent Crimes,Kanye West
Cinderella (feat. 4Keus),Darkoo
Walls,Slaptop
People Dey,Reekado Banks
Holy Ground (feat. Nicki Minaj),Davido
Godly,Omah Lay
Feel Good Inc.,Gorillaz
New Shape,Young T & Bugsey
Life Goes On (feat. Gunna & Lil Uzi Vert),Lil Baby
Effortless,Polo G
Preach,YoungBoy Never Broke Again
Through the Storm,YoungBoy Never Broke Again
Genie,YoungBoy Never Broke Again
Rich N***a (feat. Lil Uzi Vert),YoungBoy Never Broke Again
RIP (feat. Offset),YoungBoy Never Broke Again
Run It Up,YoungBoy Never Broke Again
Pain,Yungeen Ace
Lemonade (feat. NAV),"Internet Money, Gunna & Don Toliver"
I Need More,Mario
Blessings (Extended Version) [feat. Drake & Kanye West],Big Sean
Payback,"Juicy J, Kevin Gates, Future & Sage the Gemini"
Nasty (feat. Jeremih & Spice),Kid Ink
Jayson Tatum,La4ss
Addicted to My Ex,M City JR
New Day,JAY-Z & Kanye West
Activated,Tee Grizzley
Diego,Tory Lanez
Anglo Saxon (feat. Blanco),Loski
Teddy Bruckshot 2,Loski
Blinded (feat. Mike Skinner),Loski
Flavour (with Stormzy),Loski & Stormzy
Naija Man (feat. Davido),Loski
Cute (feat. Aitch),Loski
Captain Hook,Loski
"Basil Brush (feat. OFB, Bandokay & Double Lz)",Loski
Avengers (feat. Fredo & Popcaan),Loski
Something,Odeal
24/48,Odeal
MOTW,Gunna
Don't Stop (Color On the Walls),Foster the People
Pretending (feat. Jessie Reyez),A Boogie wit da Hoodie
Don't Let Me Die,R. Kelly & JAY-Z
Low Rider,War
Whoopty,CJ
The Search,NF
Forrest Gump,Loski
TURN UP,PARTYNEXTDOOR
COOLER THAN A BITCH (feat. Roddy Ricch),Gunna
"Two Words (feat. Mos Def, Freeway & The Boys Choir of Harlem)",Kanye West
Homecoming (feat. Chris Martin),Kanye West
When I'm Small,Phantogram
Can't Be Touched (feat. Mr. Magic & Trouble),Roy Jones Jr.
"Go Hard, Go Home (feat. Giz, Swellz & Choppa)",Roy Jones Jr.
Jolie nana,Aya Nakamura
Lights On,Sheff G
Freestyle,Yungeen Ace
Head Tap,"Pressa, Sleepy Hallow & Sheff G"
Say Cheese,KiDi
Hot In Herre,Nelly
Big Pimpin' (feat. UGK),JAY-Z
On & On,Erykah Badu
Scarface Rozay Gotti,Wale
Mathematics,Wale
Heaven on Earth (feat. Chris Brown),Wale
Pookie,Aya Nakamura
Copines,Aya Nakamura
Est-ce que tu m'aimes ? (Pilule Bleue),GIMS
Kid cudi- Playboi carti,MPEG audio file
Kajmir Beats - Obliteration,MPEG audio file
Fever,Peggy Lee
Inside the Mattress,Future
Hmmm,Hott Headzz
Renegades,X Ambassadors
Shackles (Praise You),Mary Mary
Tadow,Masego & FKJ
Walking,Mary Mary
Memories (feat. Kid Cudi),David Guetta
"I'm On One (feat. Drake, Rick Ross & Lil Wayne)",DJ Khaled
Boxes of Bush,Bugzy Malone
Ourself,NSG
Talent Show,Snoop Dogg & Wiz Khalifa
No Sleep,Wiz Khalifa
Just Dance (feat. Colby O'Donis),Lady Gaga
Disturbia,Rihanna
Needed Me,Rihanna
Love on the Brain,Rihanna
Sex with Me,Rihanna
Already Best Friends (feat. Chris Brown),Jack Harlow
Bad boy,Marwa Loud
One Call,Gunna
We Don‚Äôt Talk Anymore (feat. Selena Gomez),Charlie Puth
Love Come Down,"Evelyn ""Champagne"" King"
Welcome to the Party (Remix) [feat. Nicki Minaj],Pop Smoke
Turn up,MPEG audio file
YSIV,Logic
So Gone,Monica
What's My Name? (feat. Drake),Rihanna
Wildest Dreams,Taylor Swift
We Are Never Ever Getting Back Together,Taylor Swift
tolerate it,Taylor Swift
We Fly High,Jim Jones
Bleeding Love,Leona Lewis
Down (feat. Lil Wayne),Jay Sean
The Best (feat. Mayorkun),Davido
Your Body,Mayorkun
"no body, no crime (feat. HAIM)",Taylor Swift
You Need To Calm Down,Taylor Swift
Delicate,Taylor Swift
ME! (feat. Brendon Urie of Panic! At The Disco),Taylor Swift
End Game (feat. Ed Sheeran & Future),Taylor Swift
Rolando (Caught In The Rain),DUSTY LOCANE
The Life,Shyne
She Said,dvsn
He Said (feat. Miguel),dvsn
Ms. Fat Booty,Mos Def
Drunk and Hot Girls (feat. Mos Def),Kanye West
Lights On (feat. Tory Lanez),Victor Oladipo
Oh No (feat. Nate Dogg & Pharoahe Monch),Mos Def
She Wolf,Shakira
So Good,B.o.B
Suzanna,Sauti Sol
Southy Love (feat. Fireboy DML),Peruzzi
Tele,Kelvyn Boy & Crayon
AG Baby,Adekunle Gold & Nailah Blackman
Abule,Patoranking
Melanin (feat. Patoranking),Sauti Sol
"Forever (with Drake, Kanye West & Lil Wayne)","Drake, Kanye West, Lil Wayne & Eminem"
Don't Run Away (feat. IM5),Tyler James Williams
Guardian Angel,Coco Jones & Tyler James Williams
Me And You,Coco Jones & Tyler James Williams
"What I Said (from ""Let It Shine"")",Coco Jones
Who I'm Gonna Be,Coco Jones
Holy Water,Lil Mosey
Chosen (feat. Ty Dolla $ign),Blxst & Tyga
Rhiannon,Fleetwood Mac
Go Your Own Way,Fleetwood Mac
Sexy Bitch (feat. Akon),David Guetta
The Sweet Escape (feat. Akon),Gwen Stefani
Don't Matter,Akon
I Wanna Love You (feat. Snoop Dogg),Akon
Dangerous (feat. Akon) [feat. Akon],Kardinal Offishall
Kush (feat. Snoop Dogg & Akon),Dr. Dre
Good Thing,DENM
Patiently Waiting (feat. Eminem),50 Cent
Runaway (feat. Pusha T),Kanye West & Pusha T
Nasty (feat. Rubi Rose),"Rich The Kid, Flo Milli & Latto"
All Time Low (feat. Stormzy),Jon Bellion
Sugar (feat. Francesco Yates),Robin Schulz
Tatashe (feat. Crayon),SPINALL
Queso,Pell
Safe,Nico Santos
Where Is The Love?,Black Eyed Peas
At My Worst (feat. Kehlani),Pink Sweat$
"Coke & Henny, Pt. 2",Pink Sweat$
17,Pink Sweat$
Would You,Pink Sweat$
Call Me,Pink Sweat$
"Coke & Henny, Pt. 1",Pink Sweat$
Body Aint Me,Pink Sweat$
Your Side,Pink Sweat$
Nights Like This (feat. Ty Dolla $ign),Kehlani
Gangsta,Kehlani
Done For Me (feat. Kehlani),Charlie Puth
Dark Horse (feat. Juicy J),Katy Perry
"Pattern Chanel (feat. SQ Diesel, L3 & Michael Phantom)","ESSIE GANG, Octavian & J Rick"
Kate Winslet (feat. Unknown T),NSG
He Say/She Slay,"GKD, S√©bago, & JohnnyJon, S√©bago & JohnnyJon"
Medicated (feat. Chevy Woods & Juicy J),Wiz Khalifa
Can't Get Enough (feat. Trey Songz),J. Cole
The London (feat. J. Cole & Travis Scott),Young Thug
It Wasn't Me (feat. Ricardo Ducent),Shaggy
Earned It (Fifty Shades of Grey),The Weeknd
High For This (Original),The Weeknd
House of Balloons / Glass Table Girls (Original),The Weeknd
Loft Music (Original),The Weeknd
Headlines,Drake
Crew Love (feat. The Weeknd),Drake
Take Care (feat. Rihanna),Drake
HYFR (Hell Ya F***ing Right) [feat. Lil Wayne],Drake
The Motto (Bonus Track) [feat. Lil Wayne],Drake
Fall,Davido
FIA,Davido
Shortie Like Mine (feat. Chris Brown & Johnt√° Austin),Bow Wow
HiiiPower,Kendrick Lamar
Hola' Hovito,JAY-Z
untitled 07 l 2014 - 2016,Kendrick Lamar
Deuces (feat. Tyga & Kevin McCall),Chris Brown
How Deep Is Your Love,"Calvin Harris, Disciples"
Door,Joeboy
If I Ever Fall In Love (Grooves Bedroom Mix),Shai
Comforter,Shai
High All the Time,50 Cent
Heat,50 Cent
Back Down,50 Cent
Killer,Eminem
Mr Oreo,Iyanya
Pimp Like Me,D12
Fight Music,D12
Under the Influence (feat. D12),Eminem
Shit Hits the Fan (feat. Dr. Dre),Obie Trice
My Family (feat. BackRoad Gee),Pa Salieu
No Type,Rae Sremmurd
I'm The One,MoStack & Fredo
Lost It (feat. Quavo & Offset),Rich The Kid
Solitaires (feat. Travis Scott),Future
Calm Down,Loski
Fake Love (feat. Yxng Bane),Nafe Smallz
Best Friend,Young Thug
Cool Kid,Loski
10 More Rounds,FLOHIO
Vice Versa (feat. WSTRN),One Acen
Swervin (feat. 6ix9ine),A Boogie wit da Hoodie
Close Friends,Lil Baby
motive,Ariana Grande & Doja Cat
Hannah Montana,Migos
Onyeka (Baby),Burna Boy
Woman,Rema
Feeling Good,Nina Simone
You Know I'm No Good,Amy Winehouse
Can I Call You Tonight?,Dayglow
Sky,Playboi Carti
I Put a Spell On You,Nina Simone
Hot Rod,Dayglow
4x4,Young T & Bugsey
Stronger,Clean Bandit
Forever (feat. YoungBoy Never Broke Again and Shy Glizzy),Quando Rondo
F*** Da Bulls*** (feat. Birdman),Young Money
Remember the Time,Michael Jackson
Valerie (BBC Radio 1 Live Lounge),Amy Winehouse
Rumour Has It,Adele
Bad,Michael Jackson
The Chain,Fleetwood Mac
Trophies (feat. Drake),Young Money
Armed N Dangerous (Charlie Sloth Freestyle),Pop Smoke
Black Face,Eric Da God Child
Celebrate (feat. Travis Scott & Post Malone),DJ Khaled
Sh!t,Future
Stucc in the Grind,Bino Rideaux & Nipsey Hussle
Mountain vs Anthill,HAWK
Say No More,23 Unofficial
Sacrifice,Afterlife
Effortless,Bino Rideaux & Nipsey Hussle
Bad Boyz,Shyne Featuring Barrington Levy
Hard Knock Life (Ghetto Anthem),JAY-Z
Lifestyles of the Rich and Shameless,Lost Boyz
Shake Ya Ass,Mystikal
B.B. King Freestyle (feat. Drake),Lil Wayne
Wipe the Case Away (feat. Ty Real),Bobby Shmurda
Living Life (feat. Rowdy Rebel),Bobby Shmurda
Hussle & Motivate,Nipsey Hussle
Double Up (feat. Belly & DOM KENNEDY) [Bonus Track],Nipsey Hussle
Victory Lap (feat. Stacy Barthe),Nipsey Hussle
Right Hand 2 God (Bonus Track),Nipsey Hussle
Last Time That I Checc‚Äôd (feat. YG),Nipsey Hussle
The Marathon Continues,J. Stone
We Own It (Fast & Furious),2 Chainz & Wiz Khalifa
The Zenith (feat. Rick Ross),Stalley & Wale
Errbody,Lil Baby
Heartz of Men,2Pac
All Eyez On Me (feat. Big Syke),2Pac
"All About U (feat. Snoop Doggy Dogg, Nate Dogg & Dru Down)",2Pac
2 of Amerikaz Most Wanted (feat. Snoop Dogg & Snoop Doggy Dogg),2Pac
Can't C Me,2Pac
Yeba,Kizz Daniel
Picture Me Grapin‚Äô,NLE Choppa
A Tale Of 2 Citiez,J. Cole
Ambition (feat. Meek Mill & Rick Ross),Wale
Last Breath,Future
Let Me Down (feat. Stormzy) [Shy FX Remix],Jorja Smith
Be Honest (feat. Burna Boy),Jorja Smith
On My Mind,Jorja Smith & Preditah
Pull Up N Wreck (feat. 21 Savage),Big Sean & Metro Boomin
So Good (feat. Kash Doll),Big Sean & Metro Boomin
Epic HipHop Beat Instrumental Gladiator - Anno Domini Beats,MPEG audio file
LIKE I WANT YOU,GIVƒíON
Jigga My N***a (feat. JAY-Z),Ruff Ryders
Lord Knows (feat. Tory Lanez),Meek Mill
Song 2 You (feat. Leon Thomas III & Victoria Justice),Victorious Cast
Renee,Lost Boyz
Conga,"Meek Mill, Leslie Grace & Boi-1da"
Gangsta's Paradise (feat. L.V.),Coolio
Wants and Needs (feat. Lil Baby),Drake
Lemon Pepper Freestyle (feat. Rick Ross),Drake
What‚Äôs Next,Drake
Cruise,Florida Georgia Line
Real Friends,Kanye West
Music Makes Me High,Lost Boyz
Lost One (feat. Chrisette Michele),JAY-Z
Oh My God,JAY-Z
Kingdom Come,JAY-Z
Do U Wanna Ride (feat. John Legend),JAY-Z
30 Something,JAY-Z
Anything (feat. Usher & Pharrell Williams),JAY-Z
Hollywood (feat. Beyonc√©),JAY-Z
Minority Report (feat. Ne-Yo),JAY-Z
Trouble,JAY-Z
Changes (feat. Talent),2Pac
Grammys (feat. Future),Drake
Big Amount (feat. Drake),2 Chainz
Enjoy Yourself (feat. Burna Boy) [Remix],Pop Smoke
Hotel Lobby,Pop Smoke
Tsunami (feat. Davido),Pop Smoke
Showin Off Pt.2 (feat. Fivio Foreign),Pop Smoke
Backseat (feat. PnB Rock),Pop Smoke
She Feelin Nice (feat. Jamie Foxx),Pop Smoke
Paranoia (feat. Gunna & Young Thug),Pop Smoke
Hello (feat. A Boogie wit da Hoodie),Pop Smoke
Aim For The Moon (feat. Quavo),Pop Smoke
For The Night (feat. Lil Baby & DaBaby),Pop Smoke
44 BullDog,Pop Smoke
Gangstas,Pop Smoke
Yea Yea,Pop Smoke
Creature (feat. Swae Lee),Pop Smoke
Snitching (feat. Quavo & Future),Pop Smoke
Make It Rain (feat. Rowdy Rebel),Pop Smoke
West Coast Shit (feat. Tyga & Quavo),Pop Smoke
Something Special,Pop Smoke
What You Know Bout Love,Pop Smoke
Got It On Me,Pop Smoke
Diana (feat. King Combs & Calboy) [Remix],Pop Smoke
I Can,Nas
Get Down,Nas
The Cross,Nas
Made You Look,Nas
Last Real N***a Alive,Nas
The World Is Yours,Nas
Life's a Bitch,Nas
Pride,Key Glock
Wack Jumper,"Glockboyz Teejaee, OnFully, The Godfather & BandGang Lonnie Bands"
Summer Madness,Kool & The Gang
Cheerleader (Felix Jaehn Remix) [Radio Edit],Omi
Hula Hoop,Omi
The Way It Is,Bruce Hornsby & The Range
Lesley (feat. Ruelle),Dave
Streatham,Dave
Black,Dave
Environment,Dave
Public Service Announcement (Interlude),JAY-Z
Harlem Talez,MPEG audio file
We Can (feat. Tory Lanez),Kranium
Tombstone,Rod Wave
Kings & Queens,Ava Max
Something Different,Adekunle Gold
Kelegbe Megbe (Know Your Level),Adekunle Gold
Daddy Yo,Wizkid
Bruised Not Broken (feat. MNEK & Kiana Led√©),Matoma
ROLLIN N CONTROLLIN FREESTYLE,DUSTY LOCANE
RUMBLE,DUSTY LOCANE
"INTRO 2 ME, PT. 1",DUSTY LOCANE
Ke Star (feat. Virgo Deep) [Remix],Focalistic & Davido
Just Playing (Dreams) [2005 Remaster],The Notorious B.I.G.
Doin' It,LL COOL J
All I Have (feat. LL Cool J),Jennifer Lopez
Phenomenon,LL Cool J
Loungin (Who Do Ya Luv) [Remix],LL COOL J
Sit Next to Me,Foster the People
True Colors,The Weeknd
Bigger Than Me (feat. The Flint Chozen Choir & Starrah),Big Sean
Nasty,Minz
No Sleeep (feat. J. Cole),Janet Jackson
Replay,Zendaya
Mmm Yeah (feat. Pitbull),Austin Mahone
"Independent Women, Pt. 1",Destiny's Child
Young Nation,Aaliyah
Fool You,The Recipe
Worth It (feat. Kid Ink),Fifth Harmony
Hype,Miracle King
Drop a Gem On 'Em,Mobb Deep
Nosetalgia (feat. Kendrick Lamar),Pusha T
Say Aah (feat. Fabolous),Trey Songz
If I Ain't Got You,Alicia Keys
Aboki,Ice Prince
What's the Difference (feat. Eminem & Xzibit),Dr. Dre
St. Lucia,Future
XanaX Damage,Future
Love Thy Enemies,Future
Please Tell Me,Future
Shotgun,Future
Government Official,Future
Extra,Future
Slatty (feat. Yak Gotti & Lil Duke),"Young Stoner Life, Young Thug & Gunna"
Don't Push Me (feat. Lloyd Banks & Eminem),50 Cent
Get a Stack (feat. J Hus),Krept & Konan
Suffa,Dozie
Complicated,Dozie
Desiigner - Monstas and Villains (Full Version),MPEG audio file
Come Through (feat. Chris Brown),H.E.R.
Held Me Down,NAV & Metro Boomin
Offended (feat. Young Thug & 21 Savage),Meek Mill
Up,NAV
Both Sides (feat. 21 Savage),NAV & Metro Boomin
I Don't Care,NAV & Metro Boomin
Hit,NAV & Metro Boomin
A$AP Ferg (feat. Lil Uzi Vert),NAV & Metro Boomin
Never Change,NAV
Madu,Kizz Daniel
Trust Issues,Drake
The City Is Mine (feat. Blackstreet),JAY-Z
Nesesari (feat. Philkeyz),Kizz Daniel
Jore (feat. Kizz Daniel),Adekunle Gold
Crunk Ain't Dead,Duke Deuce
Cinematic Type Instrumental Step In The Arena - Anno Domini Beats,MPEG audio file
Young M.A - Quiet Storm (Official Video),MPEG audio file
"0 to 100 (Remix) - Drake Ft. 50 Cent, Meek Mill, Vado, Lloyd Banks & Precious Paris",MPEG audio file
Full Stomach Lyrics - Dame DOLLA (Damian Lillard),MPEG audio file
Dame D.O.L.L.A. ft. Brookfield Duece - They Sleep (prod. Jahlil Beats) [Thizzler.com],MPEG audio file
Company (feat. Future),24kGoldn
Adore You,Harry Styles
Beautiful Mistakes,Maroon 5 & Megan Thee Stallion
Sugar,Maroon 5
Moves Like Jagger (feat. Christina Aguilera),Maroon 5
Girls Like You (feat. Cardi B),Maroon 5
Payphone (feat. Wiz Khalifa),Maroon 5
One Time Comin',YG
SLAY (feat. Quavo),YG
"BIG BANK (feat. 2 Chainz, Big Sean & Nicki Minaj)",YG
Want Her (feat. Quavo & YG),Mustard
Voodoo,Nick Jonas
Champagne Problems,Nick Jonas
Chainsaw,Nick Jonas
Good Girls (feat. Big Sean),Nick Jonas
Astronaut In The Ocean,Masked Wolf
Don't Tell 'Em (feat. YG),Jeremih
Might Not (feat. The Weeknd),Belly
Frozen Water (feat. Future),Belly
What You Want (feat. The Weeknd),Belly
Stuck On You,GIVƒíON
Wrist (feat. Solo Lucci),Chris Brown
Little More (Royalty),Chris Brown
Fendi (feat. Joeboy),Blaqbonez
Sere,SPINALL & Fireboy DML
Still Up All Night,Eli Sostre
New Addy,Eli Sostre
Promises (feat. Joe L Barnes),Maverick City Music & Naomi Raine
Champagne Service,Dizzy Wright
Poor Fool (feat. Swae Lee),2 Chainz
Gulag,Big Jest
Jordan Belfort,Wes Walker & Dyl
It's Almost Human of You,Ramin Djawadi
Glowing Mic,Gang Starr
Pricey & Spicy,Tory Lanez
IYKYK,Belly
Full Clip,Gang Starr
9 5 . s o u t h,J. Cole
a m a r i,J. Cole
m y . l i f e,"J. Cole, 21 Savage & Morray"
Boys Do Cry.,Piff Marti
Seeing Green,"Nicki Minaj, Drake & Lil Wayne"
Boasty (feat. Idris Elba),"Wiley, Stefflon Don & Sean Paul"
His & Hers (feat. Gunna),"Internet Money, Don Toliver & Lil Uzi Vert"
So Amazing (feat. Olivia),50 Cent
Get That Money (feat. Future),Ralo
Parachute (feat. R. Kelly),Future
Kiss Me More (feat. SZA),Doja Cat
p r i d e . i s . t h e . d e v i l,J. Cole & Lil Baby
Lay Up,Future
Versace (feat. Drake) [Remix],Migos
Versace,Migos
Firework,Katy Perry
Smooth Criminal,Michael Jackson
Waves,Mr. Probz
Waves (Robin Schulz Remix Radio Edit),Mr. Probz
I Just Wanna Love U (Give It 2 Me),JAY-Z
Trouble Man,Lil Boosie & Webbie
Skeletun,Tekno
Temperature,Sean Paul
I Want You Back,Jackson 5
ABC,Jackson 5
Get Down On It,Kool & The Gang
On a Mountain,Gunna
Play That Funky Music (White Boy),Leif Garrett
I Was Made for Dancin‚Äô,Leif Garrett
Time Is Running Out,Apollo 440
Plain Jane,A$AP Ferg
Avalanche,Migos
Ain't It Fun,Paramore
Hip 2 Da Game (feat. Kid Capri),Lord Finesse
Hotline Bling,Drake
Never Be the Same,Camila Cabello
Hail Mary,Makaveli
Me And My Girlfriend,Makaveli
To Live And Die In L.A.,Makaveli
good 4 u,Olivia Rodrigo
RAPSTAR,Polo G
Type Shit,Migos & Cardi B
2 Cases,Top5 & 6ixbuzz
Slide,Bandokay
Meant To Be,"Stay Flee Get Lizzy, Fredo & Central Cee"
Oliver Twist,ArrDee
Pakurumo,Wizkid
E No Easy (feat. J. Martins),P-Square
Malibu (feat. Polo G),Migos
Celebrate Me,Patoranking
WITHOUT YOU (Miley Cyrus Remix),The Kid LAROI & Miley Cyrus
Trouble Nobody (Explicit),Akon
Alive,Empire of the Sun
Summertime,Louis Armstrong & Ella Fitzgerald
Baby It's Cold Outside (feat. Louis Jordan & His Tympany Five),Ella Fitzgerald
Ye,Burna Boy
"Hate It or Love It (G-Unit Remix) [feat. The Game, Tony Yayo, Young Buck & Lloyd Banks]",50 Cent
Close Edge,Mos Def
Blood On the Leaves,Kanye West
Save Your Tears (Remix),The Weeknd & Ariana Grande
Still Tippin' (feat. Slim Thug & Paul Wall),Mike Jones
Cupid Shuffle,Cupid
Cha-cha Slide (Main Mix),MC JIG
"Not Tonight (feat. Da Brat, Left Eye, Missy ""Misdemeanor"" Elliott and Angie Martinez (Remix)",Lil' Kim
Country Girls,Jess Moskaluke
Breakfast At Tiffany's,Deep Blue Something
Troublemaker (feat. Flo Rida),Olly Murs
The Bigger Picture,Lil Baby
Ashawo (Remix),Flavour
Bend,Ria Mae
Smile (Explicit),G-Unit
Levitating (feat. DaBaby),Dua Lipa
Jalebi Baby,Tesher & Jason Derulo
"I DID IT (feat. Post Malone, Megan Thee Stallion, Lil Baby & DaBaby)",DJ Khaled
Hellcats & Trackhawks,Only The Family & Lil Durk
Rise and Shine,J. Cole
Over the Top (feat. Drake),Smiley
Fall in Love,D'banj
Yori Yori,Bracket
Jet Lag (feat. Natasha Bedingfield),Simple Plan
Yahooze,Olu Maintain
Pomporo,Timaya
Horse & Carriage (feat. Mase),Cam'ron
Bora Bora,Kam Prada
Roll in Peace (feat. XXXTENTACION),Kodak Black
Tunnel Vision,Kodak Black
There He Go,Kodak Black
Berzerk,Eminem
Big Boy Diamonds (feat. Kodak Black & London On Da Track),Gucci Mane
Nightcrawler (feat. Swae Lee & Chief Keef),Travis Scott
Good Job,Alicia Keys
Back On Road,Gucci Mane & Drake
30 Pack,BIG30 & Action Pack
Boffum (feat. Big 30),Moneybagg Yo
Time Heals,Rod Wave
I Really Want to Show You (feat. K-CI & Jo-Jo & Nas) [2005 Remaster],The Notorious B.I.G.
Do It,Chloe x Halle
Beggin',M√•neskin
Demeanor (feat. Dua Lipa),Pop Smoke
Buffalo Soldier,Bob Marley & The Wailers
Is This Love,Bob Marley & The Wailers
Top Striker (Remix) [feat. Chip & RV],Blas√© & Luxo
Stereo Hearts (feat. Adam Levine),Gym Class Heroes
Money Trees (feat. Jay Rock),Kendrick Lamar
It Was a Good Day,Ice Cube
Boyz-n-the-Hood (feat. Ice Cube) [Remix],Eazy-E
You Can Do It (feat. Mack 10 & Ms. Toi),Ice Cube
Ambitionz Az A Ridah,2Pac
22,Taylor Swift
High,Adekunle Gold & Davido
It Is What It Is,Adekunle Gold
Racks in the Middle (feat. Roddy Ricch and Hit-Boy),Nipsey Hussle
U See Us,Nipsey Hussle
Checc Me out (feat. Cobby Supreme & Dom Kennedy),Nipsey Hussle
Crenshaw & Slauson (True Story),Nipsey Hussle
Verdansk (Survival Mode),Dave
Clash,Dave & Stormzy
Wanna Know (Remix),Dave & Drake
Nothing On You (feat. Paulo Londra & Dave),Ed Sheeran
System,Dave & Wizkid
We're All Alone,Dave
Three Rivers,Dave
Lazarus,Dave & BOJ
Law Of Attraction,Dave & Snoh Aalegra
Both Sides Of A Smile,Dave & James Blake
I Love Rock 'N Roll,Joan Jett & the Blackhearts
Shadowboxin' (feat. Method Man),GZA
Control The World (feat. Lil Wayne),24kGoldn
Just For Me (feat. SZA) [Space Jam: A New Legacy],SAINt JHN
Pump Up The Jam,Lil Uzi Vert
Crowd Go Crazy,John Legend
Mercy,Jonas Brothers
Gametime,Lil Tecca & Amin√©
About That Time,"Dame D.O.L.L.A., G-Eazy, P-Lo & OG DAYV"
Make It Out,Lil Baby & Lil Durk
Shining (feat. Beyonc√© & JAY Z),DJ Khaled
H‚Ä¢a‚Ä¢m,Kanye West & JAY-Z
Rare,Nas
Girl On Fire,Alicia Keys
No One,Alicia Keys
Fallin',Alicia Keys
In Common,Alicia Keys
Un-thinkable (I'm Ready),Alicia Keys
Fireworks (feat. Alicia Keys),Drake
"Empire State of Mind, Pt. 2",Alicia Keys
Gangsta Lovin' (feat. Alicia Keys),Eve
Un-thinkable (I'm Ready) [Remix] {feat. Drake},Alicia Keys
Show Me Love (feat. Miguel),Alicia Keys
Underdog,Alicia Keys
A Woman's Worth,Alicia Keys
Karma,Alicia Keys
I Still Need You,ayokay
From Time (feat. Jhene Aiko),Drake
Cold Hearted III,Meek Mill
Last One Standing,"Skylar Grey, Polo G, Mozzy & Eminem"
Hate Bein' Sober (feat. 50 Cent & Wiz Khalifa),Chief Keef
Intro (Hate On Me),Meek Mill
Outside (100 MPH),Meek Mill
Bobo (feat. Davido),Mayorkun
Mama,Mayorkun
"Red Handed (feat. Peruzzi, Dremo & Yonda)",Mayorkun
Bad Boys for Life,Lorne Balfe
Dimension (feat. Skepta & Rema),JAE5
The Cow,Westside Gunn
Took the Money to the Plug's House,Benny the Butcher
Snakes (feat. T'nah Apex),Joey Bada$$
Charged Up,Drake
Stevie,Kasabian
She Belongs to the Game (feat. Young Lito),Troy Ave
traitor,Olivia Rodrigo
Boyz-n-the-Hood,Eazy-E
Fuck tha Police,N.W.A
Animals,Maroon 5
Memories,Maroon 5
What Lovers Do (feat. SZA),Maroon 5
Sugar Sugar (Original Recording),The Archies
"Xxplosive (feat. Hittman, Six-Two, Nate Dogg & Kurupt)",Dr. Dre
Grind,MO3
Ankle Bully,Dribble2much
Stars Align (with Drake),Majid Jordan & Drake
Body Talk,Majid Jordan
03' Bonnie & Clyde (feat. Beyonc√© Knowles),JAY-Z
Let It Fly,Dribble2much
Can't Relate,Omah Lay
Fire Burning,Sean Kingston
Beautiful Girls,Sean Kingston
Livin' On a Prayer,Bon Jovi
Walking On a Dream,Empire of the Sun
Palace,A$AP Rocky
Peso,A$AP Rocky
Bass,A$AP Rocky
What You Won't Do for Love,Bobby Caldwell
The Ecstasy Of Gold (2004 Remaster),Ennio Morricone
W.T.P.,Eminem
When We Ride On Our Enemies (Briss Remix),2Pac
Whiskey Eyes (feat. Chinx),French Montana
"C.R.E.A.M. (Cash Rules Everything Around Me) [feat. Method Man, Raekwon, Inspectah Deck & Buddha Monk]",Wu-Tang Clan
Check,Young Thug
We Are Young (feat. Janelle Mon√°e),Fun.
Gave Your Love Away,Majid Jordan
Get Lucky,"Daft Punk, Pharrell Williams & Nile Rodgers"
No Love (feat. Lil Wayne),Eminem
When I'm Gone,Eminem
Need You Now,Lady A
Rolex,Ayo & Teo
Careless Whisper,George Michael
Counting Stars,OneRepublic
The Last of the Real Ones,Fall Out Boy
Scandalous,Mis-Teeq
Just the Two of Us,"Grover Washington, Jr. & Bill Withers"
Sparks Will Fly (feat. Jhen√© Aiko),J. Cole
Lost in the Fire,Gesaffelstein & The Weeknd
Love the Way You Lie (feat. Rihanna),Eminem
Airplanes (feat. Hayley Williams of Paramore),B.o.B
Southside (feat. Ashanti),Lloyd
Work (feat. Drake),Rihanna
Pull Up,Puffy L'z
Point and Kill (feat. Obongjayar),Little Simz
Suzanna (feat. Patoranking),NSG
Headliner,NSG
Only God Can Judge Me,NSG & MIST
A-Punk,Vampire Weekend
Fear No Man,Little Simz
One Night Stand,Mis-Teeq
Can't Get It Back,Mis-Teeq
Kids,MGMT
Love Me Again,John Newman
Closer To My Dreams,RTB MB
Tampa,Cico P
Uptown Funk (feat. Bruno Mars),Mark Ronson
Having Our Way (feat. Drake),Migos
Are You That Somebody,Aaliyah
The Sound,The 1975
It's Not Living (If It's Not With You),The 1975
UGH!,The 1975
Play That Song,Train
The Color Violet,Tory Lanez
Lavender Sunflower,Tory Lanez
If You‚Äôre Too Shy (Let Me Know),The 1975
Pretty Brown Eyes,Cody Simpson
‚Äò87 Stingray,Tory Lanez
Same Love (feat. Mary Lambert),"Macklemore & Ryan Lewis, Macklemore & Ryan Lewis"
"4th Chamber (feat. RZA, Ghostface Killah & Killah Priest)",GZA
Icon,Jaden
Work Out,J. Cole
Jowo,Davido
High School (feat. Lil Wayne),Nicki Minaj
Disaster (feat. J Hus),Dave
Sekkle Down (feat. J Hus),Burna Boy
Did You See,J Hus
No Denying,J Hus
I Ain't No Joke,Eric B. & Rakim
Ante Up,WC
Lean Back (Clean Version) [Edited],"Terror Squad, Fat Joe & Remy"
CPTN Cold Crush,Canibus
Spotlight,B. Logic
Christ Conscious,Joey Bada$$
Alright,Kendrick Lamar
Rolling In the Deep,Adele
One More Night,Maroon 5
Ai Se Eu Te Pego! (Ao Vivo),Michel Tel√≥
Radioactive,Imagine Dragons
Wake Me Up,Avicii
Thrift Shop (feat. Wanz),"Macklemore & Ryan Lewis, Macklemore & Ryan Lewis"
Rude,MAGIC!
Take My Breath,The Weeknd
She's American,The 1975
On The Go (feat. Pink Sweat$ & Lunay),Bebe Rexha
Low (feat. Wizkid),Larry Gaaga
Cold Outside (feat. Buju),Timaya
Moo Dem T*****s,James Armfield & Jonathan Jackson
I Wanna Do Your Wife,Jeremy Faglier
Getting Drunk F**kin' Strippers,Jeremy Faglier
Sugar Shaker,Alena Todd
Crank Dat Artichoke,Jonathan Jackson
The Boondocks Main Title,Asheru
You My N***a (Bonus Track),Metaphor The Great
D-Riding (Bonus Track),Jeremy Faglier & Carl Jones
It's Terrible In Terrabelle,Metaphor The Great
Butter My Biscuit,Metaphor The Great
Wishing (feat. Masta Ace),Edo. G & Pete Rock
Waves of Blue,Majid Jordan
The Gambler (feat. Anthony Hamilton),Xzibit
Weight On Me,Sheff G & Sleepy Hallow
Moonlight Serenade (Slow Swing),Ballroom Dance Collection
"Ballroom Nostalgie (Slow Swing) [Sentimental Journey / Moonlight Serenade / Stardust / As Time Goes By / Somewhere Over The Rainbow / I'm Getting Sentimental Over You, For Sentimental Reason]",Ballroom Dance Collection
Tuxedo Junction (Slow Swing),Ballroom Dance Collection
pushin P (feat. Young Thug),Gunna & Future
Today (feat. Gunna),Cordae
DUCKWORTH.,Kendrick Lamar
Left Hollywood,Meek Mill
Heavy Heart,Meek Mill
1942 Flows,Meek Mill
Whatever You Need (feat. Chris Brown & Ty Dolla $ign),Meek Mill
We Ball (feat. Young Thug),Meek Mill
Fall Thru,Meek Mill
Glow Up,Meek Mill
Young Black America (feat. The-Dream),Meek Mill
Ball Player (feat. Quavo),Meek Mill
Price,Meek Mill
Save Me,Meek Mill
Begging You,Russ
Peru,Fireboy DML
Nas Album Done (feat. Nas),DJ Khaled
One I Want (feat. PARTYNEXTDOOR),Majid Jordan
Small Talk,Majid Jordan
Dancing on a Dream (feat. Swae Lee),Majid Jordan
Sacrifice,The Weeknd
DNA.,Kendrick Lamar
ELEMENT.,Kendrick Lamar
Killing Me Softly With His Song,Fugees
Ready or Not,Fugees
Doo Wop (That Thing),Lauryn Hill
Year of the Dragon (feat. Lauryn Hill),Wyclef Jean
Street Jeopardy (feat. John Fort√©),Wyclef Jean
We Trying to Stay Alive (feat. John Fort√© & Pras),Wyclef Jean
Ex-Factor,Lauryn Hill
Can't Take My Eyes Off of You (I Love You Baby),Lauryn Hill
Everything Is Everything,Lauryn Hill
To Zion (feat. Carlos Santana),Lauryn Hill
Lost Ones,Lauryn Hill
Aston Martin Music (feat. Drake & Chrisette Michele),Rick Ross
I Want You Back,Jackson 5
Award Tour,A Tribe Called Quest
Buggin' Out,A Tribe Called Quest
"Scenario (feat. Busta Rhymes, Dinco D & Charlie Brown) [LP Mix]",A Tribe Called Quest
Best Rapper Alive,Lil Wayne
Friday (feat. Mufasa & Hypeman) [Dopamine Re-Edit],Riton & Nightcrawlers
Lady of Namek,Tory Lanez
Hurt From Mercury,Tory Lanez
Fu-Gee-La,Fugees
Strike a Pose (feat. Aitch),Young T & Bugsey
Return of the Mack,Mark Morrison
Gypsy,Fleetwood Mac
None of This,Bino Rideaux & Nipsey Hussle
Sincerely Face,Babyface Ray
The Kid Frankie,Wiz Khalifa
Hop Out,LNDN DRGS & Jay Worthy
Off The Grid,Kanye West
All Day,Cody Simpson
iYiYi (feat. Flo Rida),Cody Simpson
On My Mind,Cody Simpson
Heartless,Kanye West
Better,Khalid
"After the Storm (feat. Tyler, The Creator & Bootsy Collins)",Kali Uchis
Down with the Sickness,Disturbed
Interstellar- Main Theme,Geek Music
93 'Til Infinity,Souls of Mischief
Family and Loyalty (feat. J. Cole),Gang Starr
Holy Grail (feat. Justin Timberlake),JAY-Z
New Level (feat. Future),A$AP Ferg
All Too Well (10 Minute Version) [Taylor's Version] [From The Vault],Taylor Swift
I Know There's Gonna Be (Good Times) [feat. Young Thug & Popcaan],Jamie xx
What They Want,Russ
Losin Control,Russ
OTW,"Khalid, 6LACK & Ty Dolla $ign"
Last Call,Kanye West
Ni**as in Paris,JAY-Z & Kanye West
Through the Wire,Kanye West
Bound 2,Kanye West
"Mercy (feat. Big Sean, Pusha T & 2 Chainz)",Kanye West
FourFiveSeconds,Rihanna and Kanye West and Paul McCartney
Daily Routine,Joey Bada$$
Survival Tactics (feat. Capital Steez),Joey Bada$$
Notorious B.I.G. (feat. Lil' Kim & Puff Daddy) [2007 Remaster],The Notorious B.I.G.
The Thrill,Wiz Khalifa & Empire of the Sun
The Moment,Tame Impala
Lost in Yesterday,Tame Impala
Fountain of Youth,Local Natives
Spiritual,Burna Boy
Cooler Than Me (Single Mix),Mike Posner
Better Days,"NEIKED, Mae Muller & Polo G"
Bad Man (Smooth Criminal),Polo G
Don't Play (feat. Lil Baby),Polo G
Heating Up (feat. YungLiV),Polo G
"Bands (feat. Ohgeesy, Fenix Flexin & Master Kato)",Shoreline Mafia
Want Beef? (feat. BaeBae Savo),YSN Flow
"All Day (feat. Theophilus London, Allan Kingdom & Paul McCartney)",Kanye West
I Took a Pill in Ibiza (Seeb Remix),Mike Posner
All Gold Everything,Trinidad James
Round & Round,Selena Gomez & The Scene
Stolen Dance,Milky Chance
Playboy,Fireboy DML
Royals,Lorde
Skin,Dijon
Karma,Lloyd Banks
Jinja,Tekno
Sempe,L.A.X
Kiwi,Harry Styles
Watermelon Sugar,Harry Styles
New Negro Spiritual,EARTHGANG
Niggaz Done Started Something (feat. The LOX & Ma$e),DMX
Stay Ready (What a Life) [feat. Kendrick Lamar],Jhen√© Aiko
Whatchulookinat (P. Diddy Remix) [Radio Edit],Whitney Houston & P. Diddy
love nwantiti (feat. Axel & Dj Yo!) [Remix],CKay
Here I Go,Mystikal
Lola Montez,Volbeat
As It Was,Harry Styles
Bank on It,Burna Boy
Dangerous Love,Tiwa Savage
Sugar (feat. Anatu),Zubi
Jingling Baby,LL COOL J
Some Nights,Fun.
Good Old-Fashioned Lover Boy,Queen
"Bitch, Don‚Äôt Kill My Vibe",Kendrick Lamar
Poetic Justice (feat. Drake),Kendrick Lamar
Rigamortus,Kendrick Lamar
Swimming Pools (Drank) [Bonus Track],Kendrick Lamar
Good Kid,Kendrick Lamar
Backseat Freestyle,Kendrick Lamar
Wake Me Up Before You Go Go,Wham!
Build Me Up Buttercup,The Foundations
"So Fresh, So Clean",Outkast
First Class,Jack Harlow
Ojuelegba,Wizkid
City of Gods,"Fivio Foreign, Kanye West & Alicia Keys"
Collard Greens (feat. Kendrick Lamar),ScHoolboy Q
Worldwide Steppers,Kendrick Lamar
Mr. Morale,Kendrick Lamar & Tanna Leone
Die Hard,"Kendrick Lamar, Blxst & Amanda Reifer"
Silent Hill,Kendrick Lamar & Kodak Black
Auntie Diaries,Kendrick Lamar
Crown,Kendrick Lamar
N95,Kendrick Lamar
Count Me Out,Kendrick Lamar
Rich (Interlude),Kendrick Lamar
United In Grief,Kendrick Lamar
Rich Spirit,Kendrick Lamar
Purple Hearts,"Kendrick Lamar, Summer Walker & Ghostface Killah"
Savior,"Kendrick Lamar, Baby Keem & Sam Dew"
We Cry Together,Kendrick Lamar & Taylour Paige
Mother I Sober (feat. Beth Gibbons),Kendrick Lamar
Savior (Interlude),Kendrick Lamar
Mirror,Kendrick Lamar
Father Time (feat. Sampha),Kendrick Lamar
Here Comes the Sun,The Beatles
Burnout 3,LNDN DRGS & Jay Worthy
Susan,LNDN DRGS & Jay Worthy
Feel Alright,LNDN DRGS & Jay Worthy
Power Trip (feat. Miguel),J. Cole
Been Away,Brent Faiyaz
16,Baby Keem
WAIT FOR U (feat. Drake & Tems),Future
"Work Hard, Play Hard",Wiz Khalifa
See You Again (feat. Charlie Puth),Wiz Khalifa
Go Hard Or Go Home,Wiz Khalifa & Iggy Azalea
Live From the Gutter,Drake & Future
Too Much,Drake
Stop Breakin' Down Blues,Eric Clapton
G.O.A.T. (feat. Ty Dolla $ign & Bella Alubo),The Notorious B.I.G.
Heartbreaker (feat. Jay-Z),Mariah Carey
Honey,Mariah Carey
Canal St. (feat. Bones),A$AP Rocky
Spooky,Dusty Springfield
Fly As Me,"Bruno Mars, Anderson .Paak & Silk Sonic"
Kinky Reggae (Jamaican Version),Bob Marley & The Wailers
I'm Good,Wiz Khalifa
The Race,Wiz Khalifa
This Plane,Wiz Khalifa
Acid Raindrops,People Under the Stairs
Full Effect (feat. Young Gunz),Freeway
Juice (feat. Maleek Berry),Ycee
Hit 'Em Up (feat. Outlawz),2Pac
Let Her Go,Passenger
9mm Goes Bang,Boogie Down Productions
Things Change (feat. 50 Cent & Lloyd Banks),Spider Loc
You Already Know (feat. 50 Cent & Young Buck),Lloyd Banks
Get Low,Lloyd Banks
Sure Thing,Miguel
40-16 Building,Nas
Paper Trail$,Joey Bada$$
"Method Man (feat. Method Man, Raekwon, GZA, RZA & Ghostface Killah)",Wu-Tang Clan
Dope Man,N.W.A
A Bitch Iz a Bitch,N.W.A
Something Like That,N.W.A
Make You Mine,GIVƒíON
8 Miles And Runnin',JAY-Z & Freeway
What We Do (feat. JAY-Z & Beanie Sigel),Freeway
Free,Freeway
Love Me,"Obie Trice, 50 Cent & Eminem"
Lose Yourself,Eminem
8 Mile,Eminem
Adrenaline Rush,Obie Trice
Places To Go,50 Cent
Spit Shine,Xzibit
U Wanna Be Me,Nas
Wanksta,50 Cent
Above the Clouds,Gang Starr
Work,Gang Starr
Cold Heart (PNAU Remix),Elton John & Dua Lipa
Double Double (feat. Atta Boafo),Church Songs Ent
Last Last,Burna Boy
Kilometre,Burna Boy
Pursuit of Happiness (feat. MGMT & Ratatat) [Extended Steve Aoki Remix],Kid Cudi
Houston,Cico P
Best Song Ever,One Direction
Honesty,Pink Sweat$
Only a Fool,"Galantis, Ship Wrek & Pink Sweat$"
Alingo,P-Square
Bank Alert,P-Square
Gin and Juice,Snoop Dogg
Woman,Doja Cat
D4L,"Future, Drake & Young Thug"
Playboy,Jx.Zero
Next to You,Mike Jones
Charlene,Anthony Hamilton
Lotus Flower Bomb (feat. Miguel),Wale
Don't Hold Your Applause,Wale
Double M Genius,Wale
Differences,Ginuwine
"Picture Me Rollin' (feat. Danny Boy, Syke & CPO)",2Pac
Adorn,Miguel
Girl With the Tattoo Enter.lewd,Miguel
Dollar and a Dream III,J. Cole
Lights Please,J. Cole
Mr. Nice Watch (feat. JAY-Z),J. Cole
Nobody's Perfect (feat. Missy Elliott),J. Cole
God's Gift,J. Cole
Breakdown,J. Cole
Who Dat,J. Cole
Villuminati,J. Cole
Land Of The Snakes,J. Cole
Mo Money (Interlude),J. Cole
She Knows (feat. Amber Coffman & Cults),J. Cole
Trouble,J. Cole
Forbidden Fruit (feat. Kendrick Lamar),J. Cole
Chaining Day,J. Cole
Miss America,J. Cole
Science,Burna Boy
Jagele,Burna Boy
It's Plenty,Burna Boy
Toni-Ann Singh (feat. Popcaan),Burna Boy
Ignorant Sh*t (feat. Beanie Sigel),JAY-Z
Intro,JAY-Z & Idris Elba
Pray,JAY-Z
Niggaz Know,J. Cole
Party Life,JAY-Z
American Dreamin',JAY-Z
No Hook,JAY-Z
Fallin',JAY-Z
Roc Boys (And the Winner Is)...,JAY-Z
In A Minute,Lil Baby
Feel No Ways,Drake
The Butcher and The Blade (feat. Benny the Butcher & Conway the Machine),Westside Gunn
Can I Get A... (feat. Amil & Ja Rule) [Soundtrack Version],JAY-Z
Big League (feat. Mozzy & Lil Poppa),"Yo Gotti, Moneybagg Yo & CMG The Label"
Westside Slaughterhouse,"Ice Cube, Mack 10 & WC"
Real Muthaphuckkin' G's,Eazy-E
Long Kiss Goodnight,The Notorious B.I.G.
No Vaseline,Ice Cube
Give Up the Goods (Just Step) [feat. Big Noyd],Mobb Deep featuring Noyd
"Protect Ya Neck (feat. RZA, Method Man, Inspectah Deck, Raekwon, U-God, Ol' Dirty Bastard, Ghostface Killah & GZA) [Shao Lin Version]",Wu-Tang Clan
You Ain't a Killer,Big Punisher
Got Ur Self A Gun,Nas
Fade / Summertime (feat. Mitchy Slick),LNDN DRGS & Jay Worthy
Re-Wired,Kasabian
If I Can't,50 Cent
In da Club,50 Cent
P.I.M.P.,50 Cent
21 Questions (feat. Nate Dogg),50 Cent
Vienna,Billy Joel
Chasin' You,Morgan Wallen
Little Rain,Morgan Wallen
Talkin' Tennessee,Morgan Wallen
Paradise,Jeremih
Down On Me (feat. 50 Cent),Jeremih
All Caps,"Madvillain, Madlib & MF DOOM"
Meat Grinder,"Madvillain, Madlib & MF DOOM"
Lover's Emotion,Fia
Choose Up,LNDN DRGS & Jay Worthy
Love Me,Fia
Come Around,Fia
For You,Fia
Ghost Town (feat. PARTYNEXTDOOR),Kanye West
POWER,Kanye West
All Of The Lights,Kanye West
"So Appalled (feat. JAY-Z, Pusha T, Prynce Cy Hi, Swizz Beatz & RZA)",Kanye West
Devil In A New Dress (feat. Rick Ross),Kanye West
The Woo (feat. 50 Cent & Roddy Ricch),Pop Smoke
Dirt Off Your Shoulder,JAY-Z
Buffalo Soldier,Bob Marley & The Wailers
Fly Away,Fia
Raggamuffin,Koffee
Rapture,Koffee
Lockdown,Koffee
Shy Guy,Rosie Delmah & Conkarah
Get Busy,Sean Paul
Morning Time (Awoia),Fia
More Trife Life,Mobb Deep
I Used to Love H.E.R.,Common
Family Affair,Mary J. Blige
The Message (feat. Mary J. Blige & Rell),Dr. Dre
99 Problems,JAY-Z
SpottieOttieDopaliscious,Outkast
Feds Did a Sweep,Future
Shorty (Got Her Eyes On Me),Donell Jones
Killshot,Eminem
LA Confidential,Tory Lanez
For My Hand (feat. Ed Sheeran),Burna Boy
Drama Setter (Featuring Eminem & Obie Trice),Tony Yayo
Don't Cross the Line (feat. Faith Evans),Freeway
"Hey Ma (feat. Juelz Santana, Freekey Zekey & Toya)",Cam'ron
Ruff Ryders' Anthem,DMX
"Triumph (feat. Ol' Dirty Bastard, Inspectah Deck, Method Man, Cappadonna, U-God, RZA, GZA, Masta Killa, Ghostface Killah & Raekwon)",Wu-Tang Clan
Da Goodness (feat. Busta Rhymes),Redman
Psychic (feat. Jack Harlow),Chris Brown
Perkys Calling,Future
Alwayz Into Somethin',The D.O.C.
You Can Never Feel My Pain,Prodigy
Sixteen (feat. Andr√© 3000),Rick Ross
Diamonds From Sierra Leone (feat. JAY-Z),Kanye West
My Name Is,Eminem
"Nuthin' But A ""G"" Thang (Mixed)",Snoop Dogg & Dr. Dre
Mind Playing Tricks on Me,Geto Boys
Not Afraid,Eminem
From The D 2 The LBC,Eminem & Snoop Dogg
No Church in the Wild (feat. Frank Ocean & The-Dream),JAY-Z & Kanye West
Gotta Have It,JAY-Z & Kanye West
Otis (feat. Otis Redding),JAY-Z & Kanye West
Lift Off (feat. Beyonc√©),JAY-Z & Kanye West
That's My Bitch,JAY-Z & Kanye West
Welcome to the Jungle,JAY-Z & Kanye West
Album of the Year (Freestyle),J. Cole
Super Gremlin,Kodak Black
Westbrook,JID & A$AP Ferg
sons & critics freestyle,Baby Keem
Down and Out (feat. Kanye West & Syleena Johnson),Cam'ron
Southern Hospitality (feat. Pharrell Williams),Ludacris
Glamorous (feat. Ludacris),Fergie
No More ?'s (feat. Ice Cube),Eazy-E
Johnny P's Caddy,Benny the Butcher & J. Cole
Money On The Table (feat. Benny the Butcher),Belly
Crowns for Kings (Feat. Black Thought),Benny the Butcher
Sunday School (feat. 38 Spesh & Jadakiss),Benny the Butcher
18 Wheeler (feat. Pusha T),Benny the Butcher
Intro Skit,Benny the Butcher
5 to 50 (feat. India),Benny the Butcher
Dirty Harry (feat. Rj Payne & Conway the Machine),Benny the Butcher
Brand New 911 (feat. Westside Gunn),Joey Bada$$
blue water,mike.
Possessive (feat. Lil Wayne & BLEU),Chris Brown
Start It Up,Alex Mali
Scared To Live,The Weeknd
False Direction,Dayglow
"L.A., L.A. (feat. Mobb Deep & Tragedy Khadafi) [Kuwait Mix]",Capone-N-Noreaga
Kick In the Door,The Notorious B.I.G.
Against All Odds,Makaveli
The Bitch In Yoo,Common
Second Round K.O.,Canibus
The Baddest (feat. Diddy),Joey Bada$$
Out My Body,870glizzy & Phonk Killer
SUMMER,THE CARTERS
NICE,THE CARTERS
Out of Time,The Weeknd
KU LO SA - A COLORS SHOW,Oxlade
Buga (Lo Lo Lo),Kizz Daniel & Tekno
Come Closer (feat. Drake),Wizkid
No Wahala (feat. Kizz Daniel & Tiwa Savage) [Remix],1da Banton
The Light,Common
Rapper's Delight,The Sugarhill Gang
The Message,Grandmaster Flash & The Furious Five
Mo Money Mo Problems (feat. Ma$e & Puff Daddy),The Notorious B.I.G.
Universal Mind Control (UMC),Common
The Way I Am,Eminem
In the Zone,P.L.
Eazy-er Said Than Dunn (feat. Dr. Dre),Eazy-E
Express Yourself,N.W.A
It's Funky Enough,The D.O.C.
100 Miles and Runnin',N.W.A
Jackin' For Beats,Ice Cube
Check Yo Self (feat. Das EFX) [Remix],Ice Cube
Piggy Bank,50 Cent
Why We Thugs,Ice Cube
Hustlin',Rick Ross
California Vacation,The Game
Get Up,50 Cent
NC-17,Travis Scott
Emotional,Carl Thomas
"Everyday (feat. Rod Stewart, Miguel & Mark Ronson)",A$AP Rocky
I Wish,Carl Thomas
Summer Rain,Carl Thomas
Skyfall,Adele
Burden Of Proof,Benny the Butcher
Kim,Eminem
Essence (feat. Tems),Wizkid
"Sing About Me, I'm Dying of Thirst",Kendrick Lamar
Da Art of Storytellin' (Pt. 1),Outkast
A.D.H.D,Kendrick Lamar
Streets Is Talking,JAY-Z & Beanie Sigel
This Can't Be Life (feat. Scarface),JAY-Z & Beanie Sigel
Success (feat. Nas),JAY-Z
Get Your Mind Right Mami (feat. Snoop Dogg),JAY-Z & Memphis Bleek
"You, Me, Him and Her",JAY-Z & Dynasty
Guilty Until Proven Innocent (feat. R. Kelly),JAY-Z
Be (Intro),Common
Perfect Timing,"YG, Mozzy & Blxst"
Lucifer,JAY-Z
Anakin,Blanco
Westside Story (feat. 50 Cent),The Game
Where I'm From (feat. Nate Dogg),The Game
Special (feat. Nate Dogg),The Game
Ms. Jackson (Radio Mix),Outkast
Intro,50 Cent
What Up Gangsta,50 Cent
Can I Kick It?,A Tribe Called Quest
O.P.P,Naughty By Nature
"Dumpin' (feat. Hussein Fatal, Papoose & Carl Thomas)",2Pac
How I Met My Ex,Dave
Somebody's Gotta Die,The Notorious B.I.G.
A Life In The Day of Benjamin Andre (Incomplete),Outkast
Gold,GZA
Shy Guy,Diana King
Top Floor GTR,"Jay Worthy, Leven Kali & Wallie the Sensei"
Interlude,JAY-Z
December 4Th,JAY-Z
What More Can I Say,JAY-Z
Encore,JAY-Z
Change Clothes,JAY-Z
Threat,JAY-Z
Moment of Clarity,JAY-Z
Skew It On the Bar-B (feat. Raekwon),Outkast
Average Cat (Jay-Z Diss!!),Beanie Sigel & Freeway
"Girls, Girls, Girls",JAY-Z
Justify My Thug,JAY-Z
"Duel of the Iron Mic (feat. Masta Killa, Dreddy Kruger, Inspectah Deck & Ol' Dirty Bastard)",GZA
TRUCKS IN PLACE,Ludwig G√∂ransson
Danger Zone,Kenny Loggins
Numb,LINKIN PARK
Dear Mama,2Pac
If I Die 2Nite,2Pac
Me Against the World (feat. Dramacydal),2Pac
So Many Tears,2Pac
Temptations,2Pac
Exhibit C (Radio Edit),Jay Electronica
Keep Ya Head Up,2Pac
Blue Magic,JAY-Z
Show Me What You Got,JAY-Z
Something Just Like This,The Chainsmokers & Coldplay
Paid In Full,Eric B. & Rakim
Mural,Lupe Fiasco
"GOD DID (feat. Rick Ross, Lil Wayne, JAY-Z, John Legend & Fridayy)",DJ Khaled
Blueprint (Momma Loves Me),JAY-Z
"These Walls (feat. Bilal, Anna Wise & Thundercat)",Kendrick Lamar
u,Kendrick Lamar
Momma,Kendrick Lamar
For Sale? (Interlude),Kendrick Lamar
Allure,JAY-Z
My 1st Song,JAY-Z
Do It Again (Put Ya Hands Up) [feat. Amil & Beanie Sigel],JAY-Z
Disco Inferno,50 Cent
Temperature's Rising (feat. Crystal Johnson),Mobb Deep
Blue Laces 2,Nipsey Hussle
Extreme Ways,Moby
Wash,Tekno
willow,Taylor Swift
champagne problems,Taylor Swift
Get Up,Lost Boyz
Death Row East,Nas
EPMD 2 (feat. Eminem & EPMD),Nas
It Ain't Hard to Tell,Nas
Come Get Me,Nas
Project Windows (feat. Ronald Isley),Nas
Shoot 'em Up,Nas
Last Words (feat. Nashawn & Millennium Thug),Nas
Quiet N****s (feat. Bravehearts),Nas
God Love Us,Nas
Family (feat. Mobb Deep),Nas
Big Girl,Nas
New World,Nas
You Owe Me (feat. Ginuwine),Nas
Nastradamus,Nas
Some Of Us Have Angels,Nas
"N.Y. State of Mind, Pt. ll",Nas
The Message,Nas
I Gave You Power,Nas
Watch Dem N****s (feat. Foxy Brown),Nas
Live N***a Rap (feat. Mobb Deep),Nas
If I Ruled the World (Imagine That) [feat. Lauryn Hill],Nas
Street Dreams,Nas
Nas Is Coming (feat. Dr. Dre),Nas
"Affirmative Action (feat. AZ, Cormega & Foxy Brown)",Nas
Take It In Blood,Nas
The Genesis,Nas
Halftime,Nas
Memory Lane (Sittin' in da Park),Nas
You're da Man,Nas
Just a Friend 2002,Mario
Dance Now,JID & Kenny Mason
Kolo Kolo,Patoranking & Diamond Platnumz
Go!,Common
"It's Your World, Pt. 1 & 2",Common
The Corner (feat. The Last Poets) [feat. The Last Poets],Common
The Ruler's Back,JAY-Z
Jigga That N***a,JAY-Z
Never Change,JAY-Z
All I Need,JAY-Z
Lyrical Exercise,JAY-Z
GhettoMusick,Outkast
Bowtie (feat. Sleepy Brown & Jazze Pha),Outkast
Unhappy,Outkast
Roses,Outkast
Hey Ya!,Outkast
The Rooster,Outkast
Bust (feat. Killer Mike),Outkast
"Tomb of the Boom (feat. Konkrete, Big Gipp & Ludacris)",Outkast
Bad To Me,Wizkid
Marcy Me,JAY-Z
Kill Jay Z,JAY-Z
Hello Brooklyn 2.0 (feat. Lil Wayne),JAY-Z
Say Hello,JAY-Z
Intro: A Million and One Questions / Rhyme No More,JAY-Z
I Know What Girls Like (feat. Lil' Kim & Puff Daddy),JAY-Z
Imaginary Players,JAY-Z
Coming of Age (Da Sequel) [feat. Memphis Bleek],JAY-Z
How We Roll (feat. Panama PI),Canibus
Gone Till November (feat. R. Kelly & Canibus) [The Makin' Runs Remix],Wyclef Jean
Rock N Roll (feat. Kanye West & Kid Cudi),Pusha T
Dreamin Of The Past (feat. Kanye West),Pusha T
Neck & Wrist (feat. JAY-Z & Pharrell Williams),Pusha T
Just So You Remember,Pusha T
Brambleton,Pusha T
Diet Coke,Pusha T
"Ice Cream (feat. Ghostface Killah, Method Man & Cappadonna)",Raekwon
My President Is Black (Remix),JAY-Z
Jungle,Drake
You Must Love Me,JAY-Z
(Always Be My) Sunshine [feat. Babyface & Foxy Brown],JAY-Z
Real Niggaz (feat. Too $hort),JAY-Z
Rebel's Kick It,YoungBoy Never Broke Again
Somebody Else,The 1975
Robbers,The 1975
Love It If We Made It,The 1975
TOOTIMETOOTIMETOOTIME,The 1975
Nobody Knows,Pastor T.L. Barrett & The Youth for Christ Choir
Locked Away (feat. Adam Levine),R. City
Levels,Meek Mill
We Slide (feat. Young Thug),Meek Mill
How Much a Dollar Cost (feat. James Fauntleroy & Ronald Isley),Kendrick Lamar
Can't Knock the Hustle (feat. Mary J. Blige),JAY-Z
Politics As Usual,JAY-Z
Brooklyn's Finest (feat. The Notorious B.I.G.),JAY-Z
Dead Presidents II,JAY-Z
Feelin' It (feat. Mecca),JAY-Z
D'evils,JAY-Z
22 Two's,JAY-Z
Can I Live,JAY-Z
Friend Or Foe,JAY-Z
Ain't No N***a (feat. Foxy Brown),JAY-Z
Coming of Age (feat. Memphis Bleek),JAY-Z
Cashmere Thoughts,JAY-Z
Bring It On (feat. Big Jaz & Sauce Money),JAY-Z
Regrets,JAY-Z
Can I Live II (feat. Memphis Bleek),JAY-Z
"Phone Tap (feat. Nas, Nature, Dr. Dre & the Firm)",AZ
DEVASTATED,Joey Bada$$
One Love (feat. Q-Tip),Nas
One Time 4 Your Mind,Nas
Represent,Nas
Pay,Tekno
Corazon (feat. Lil Wayne & French Montana),GIMS
Sur ma route,Black M
Nasty,Nas
Juicy (2005 Remaster),The Notorious B.I.G.
Gimme the Loot (2005 Remaster),The Notorious B.I.G.
Big Poppa (2005 Remaster),The Notorious B.I.G.
Unbelievable (2005 Remaster),The Notorious B.I.G.
Notorious B.I.G. (feat. Lil' Kim & Puff Daddy) [2005 Remaster],The Notorious B.I.G.
Hypnotize,The Notorious B.I.G.
Tonight (feat. Mobb Deep & Joe Hooker) [2005 Remaster],The Notorious B.I.G.
Hope,Twista & Faith Evans
What You Think of That (feat. JAY-Z),Memphis Bleek
Friend or Foe '98,JAY-Z
"Parking Lot Pimpin' (feat. Memphis Bleek, Lil' Mo & Beanie Sigel)",JAY-Z
The Best of Both Worlds,R. Kelly & JAY-Z
Don't Talk,Jon B.
Bars Into Captions,Quavo & Takeoff
Bad Habit,Steve Lacy
Casa-Freak-Hoes,Tory Lanez
Go Crazy,Chris Brown & Young Thug
TEMPTATION,Joey Bada$$
Longevity (feat. French Montana & Jim Jones),Benny the Butcher & Harry Fraud
The King's Affirmation - Chill Mix (feat. Reuel Williams),Iniko
Magic Stick,Lil' Kim
Bring Em Out,T.I.
Drug Dealers Anonymous (feat. JAY Z),Pusha T
X,"ScHoolboy Q, 2 Chainz, Saudi"
I Am,Jorja Smith
Luv Is Dro (feat. Static Major & Bryson Tiller),Jack Harlow
Side Piece,Jack Harlow
Michael & Quincy,Nas
Thun,Nas
Alone,Burna Boy
No Woman No Cry,Tems
"They Want It, But No",Tobe Nwigwe & Fat Nwigwe
Coming Back For You,Fireboy DML
Interlude,Stormzy
Dance Now,JID & Kenny Mason
Crack Sandwich,JID
Surround Sound (feat. 21 Savage & Baby Tate),JID
Kody Blu 31,JID
Can‚Äôt Make U Change,JID & Ari Lennox
Stars (feat. Yasiin Bey),JID
Where I Belong,Joey Bada$$
Make Me Feel,Joey Bada$$
I'M THAT GIRL,Beyonc√©
COZY,Beyonc√©
ALIEN SUPERSTAR,Beyonc√©
Cruise Control,Joey Bada$$
Show Me,Joey Bada$$
Ma'suga,6k
Ramenez la coupe √† la maison,Vegedream
Born Again,Rihanna
Outro (feat. Lil Snupe & French Montana),Meek Mill
highway 95,Baby Keem
Wonderful Wayne & Jackie Boy,Babyface Ray & Lil Durk
"Nasty Girl (feat. Diddy, Nelly, Jagged Edge and Avery Storm)",The Notorious B.I.G.
Street General,Spice 1
Streets Is Watching,JAY-Z
Hennessy Memories,Tory Lanez
The Vent,Tory Lanez
Why Did I,Tory Lanez
Ball,6k
ALL OVER AGAIN,Josh Levi
Hide & Seek,Stormzy
What You Won't Do for Love,Bobby Caldwell
"Psycho, Pt. 2",Russ
Me You,Russ
Missin You Crazy,Russ
CIVIL WAR,Russ
Ain't Nobody Takin My Baby,Russ
Pull The Trigger,Russ
BEST ON EARTH (feat. BIA),Russ
Too Much,Russ
Are You Entertained,Russ & Ed Sheeran
UGLY (feat. Lil Baby),Russ
Ride Slow,Russ
Nobody Knows,Russ
Note To Self (feat. Joey Bada$$ & Wale),"Russ, Hit-Boy & Big Sean"
Stay Down,"Lil Durk, 6LACK & Young Thug"
Japan,Yot Club
Ykwim?,Yot Club
When It Lands,Rainbow Kitten Surprise
Live in the Moment,Portugal. The Man
Feel It Still,Portugal. The Man
"What, Me Worry?",Portugal. The Man
Galvanize,The Chemical Brothers
Go,The Chemical Brothers
Block Rockin' Beats,The Chemical Brothers
Hey Boy Hey Girl,The Chemical Brothers
Got to Keep On,The Chemical Brothers
Stand Up (feat. Shawnna),Ludacris
I Know What You Want (feat. Mariah Carey & the Flipmode Squad),Busta Rhymes featuring Mariah Carey & Flipmode Squad
So Ghetto,JAY-Z
Down On Me (feat. 50 Cent),Jeremih & 50 Cent
Country Girl (Shake It For Me),Luke Bryan
Wavin'  Flag (Coca-Cola¬Æ Celebration Mix),K'naan
soso,Omah Lay
Dear Summer (feat. JAY-Z),Memphis Bleek
Blueprint 2,JAY-Z
Woo Baby (feat. Chris Brown),Pop Smoke
Tell The Vision (feat. Kanye West & Pusha T),Pop Smoke
Moonlight,JAY-Z
All Or Nothing (feat. Bunji Garlin & Diplo),Elliphant
The Less I Know the Better,Tame Impala
Skills,Gang Starr
Headshots (4r Da Locals),Isaiah Rashad
RIP Young,Isaiah Rashad
I Like Dat,T-Pain & Kehlani
Liberation,Harold van Lennep
Compton (feat. Beenie Man),Guerilla Black
Tourner dans le vide,Indila
One Pop,Glizz
Champions League Theme (Champions League Theme),Champions League Orchestra
Legacy,JAY-Z
Big Ass Bracelet,Westside Gunn
Igwe,MidnightCrew
Free Mind,Tems
Flood the Block,Benny the Butcher
Bomb First (My Second Reply),Makaveli
Toss It Up,Makaveli
Until Morning - A COLORS SHOW,James Vickery
Intro,JAY-Z
Change the Game (feat. Beanie Sigel & Memphis Bleek),JAY-Z
One More,SG Lewis & Nile Rodgers
Something About Your Love,SG Lewis
Stricken,Disturbed
Last Resort,Papa Roach
Abobi,Patoranking
Hold On To You,Justice Posas & Izzy MArie
Superhero (Heroes & Villains),"Metro Boomin, Future & Chris Brown"
Favorite Song,Toosii
Made of Gold,Ibeyi & Pa Salieu
Spitting Off the Edge of the World (feat. Perfume Genius),Yeah Yeah Yeahs
Rips in Jeans,Niko B
Snow on tha Bluff,J. Cole
Creepin',"Metro Boomin, The Weeknd & 21 Savage"
The Payback,James Brown
Out of Context,Stemm
Bad Man!,Murs
Wannabe,Spice Girls
Anthem (Soundtrack Version),"Dreamville, Big Sean & EST Gee"
Adonis Interlude (The Montage),Dreamville & J. Cole
Right Now,Dizzy Walka
Dada (feat. Davido) [Remix],Young Jonn
Bandana,Fireboy DML & Asake
Asiwaju,Ruger
Calm Down,Rema & Selena Gomez
KU LO SA,Oxlade & Camila Cabello
Real Life (feat. Stormzy),Burna Boy
22,Jayo
On a Mountain,Gunna
Sing for the Moment,Eminem
"Only (feat. Drake, Lil Wayne & Chris Brown)",Nicki Minaj
Sunlight,Forrest.
UNAVAILABLE (feat. Musa Keys),Davido
Search & Rescue,Drake
What's Beef,The Notorious B.I.G.
Shake That (feat. Nate Dogg),Eminem
Before He Cheats,Carrie Underwood
Latch (feat. Sam Smith),Disclosure
Omen (feat. Sam Smith),Disclosure
Magnets (feat. Lorde),Disclosure
Jumbotron Shit Poppin,Drake
Jimmy Cooks (feat. 21 Savage),Drake
Miami,Will Smith
And the Beat Goes On,The Whispers
"Is That Your Chick (The Lost Verses) [feat. Missy ""Misdemeanor"" Elliott, Missy Elliott, JAY-Z, C. Mitchell & Twista]",Memphis Bleek
BLACK BALLOONS l 13LACK 13ALLOONZ (feat. Twelve'len & GoldLink),Denzel Curry
Candy Rain,Soul for Real
Between the Sheets,The Isley Brothers
LVL,A$AP Rocky
All I Do,Logic
Everybody (Backstreet's Back) [Radio Edit],Backstreet Boys
4EVER,Clairo
Someone Like You,Adele
When We Were Young,Adele
Hello,Adele
Face In The Crowd,Mac Miller
I'll Be There (feat. Phonte),Mac Miller
Blue (Da Ba Dee) [Gabry Ponte Video Edit],Eiffel 65
You Don't Know My Name,Alicia Keys
Da Grind (feat. Apocalypse),Masta Ace featuring Apocalyspe
Steelo,702
Way 2 Sexy (feat. Future & Young Thug),Drake
Love All (feat. JAY-Z),Drake
Mama Said Knock You Out,LL COOL J
Guren no Yumiya (TV Size Version),Linked Horizon
Slippin',DMX
i'm a mess,Omah Lay
Blinding Lights,Fame on Fire
Could You Be Loved,Bob Marley & The Wailers
This Life,Vampire Weekend
Link Up (feat. Beam & Toian) [Spider-Verse Remix (Spider-Man: Across the Spider-Verse )],"Metro Boomin, Don Toliver & Wizkid"
Am I Dreaming,"Metro Boomin, A$AP Rocky & Roisee"
Navajo,Masego
You Are Good,Israel Houghton & New Breed
Annihilate (Spider-Man: Across the Spider-Verse),"Metro Boomin, Swae Lee, Lil Wayne & Offset"
Danger (Spider),Offset & JID
Calling (feat. A Boogie wit da Hoodie) [Spider-Man: Across the Spider-Verse],"Metro Boomin, Swae Lee & NAV"
Silk and Cologne (Spider-Verse Remix),EI8HT & Offset
Our 25th Birthday,Dave & Central Cee
UK Rap,Dave & Central Cee
All The Way Live (Spider-Man: Across the Spider-Verse),"Metro Boomin, Future & Lil Uzi Vert"
Awesome God,"Holy Drill, Telman & The Excentric"
bread & butter,Gunna
Starlight,Dave
Psycho,Dave
Ignant Shit (feat. Lil Wayne),Drake
Best I Ever Had,Drake
If I Ruled the World '15,"Big Ghost Ltd, Conway the Machine & Westside Gunn"
Rahbannga,"Big Ghost Ltd, Westside Gunn & Conway the Machine"
Brains on the Basquiat,"Big Ghost Ltd, Westside Gunn & Conway the Machine"
Fendi Seats,"Big Ghost Ltd, Conway the Machine & Westside Gunn"
Richer Porter,"Big Ghost Ltd, Conway the Machine & Westside Gunn"
The Champ Is Here,O Fresh
Thoughts from a Balcony,Mac Miller
Wherever I Go,OneRepublic
Self Love (Spider-Man: Across the Spider-Verse),Metro Boomin & Coi Leray
Tiring Game (feat. Charlie Wilson),John Newman
Heat Waves,Glass Animals
Symphony (feat. Zara Larsson),Clean Bandit
Who Told You (feat. Drake),J Hus
Versace,Westside Gunn
Comfortably Numb,Pink Floyd
Breathe (In the Air),Pink Floyd
"Another Brick In the Wall, Pt. 2",Pink Floyd
Jericho,Iniko
Cupid,FIFTY FIFTY
I Can See You (Taylor‚Äôs Version) (From The Vault),Taylor Swift
Doomsday,"Lyrical Lemonade, Juice WRLD & Cordae"
Drown,Kovic
Hurts Me (feat. Yoko Gold),Tory Lanez & Trippie Redd
Juliet & Romeo,Martin Solveig & Roy Woods
By Design (feat. Andre Benjamin),Kid Cudi
Bring Me to Life,Evanescence
I'm Still Standing,Taron Egerton
Let It Happen,Tame Impala
Where I'm From,JAY-Z
Get Away,The Internet
Girl (feat. KAYTRANADA),The Internet
Special Affair,The Internet
Next Time / Humble Pie,The Internet
Hold On,The Internet
Come Over,The Internet
Ylang Ylang,FKJ & ((( O )))
Makeba,Jain
Too Fast,Sonder
Moonlight,Kali Uchis
Psalm 62,Foggieraw
Ms. Johnson,Foggieraw
Garden Kisses (Remaster 3),Davishmar
Zaharan Oasis (Pt 1),Davishmar
Paris,The Chainsmokers
Let It Go,"Loyle Carner, Erick the Architect & FARR"
Show Me How,Men I Trust
Break for Lovers (feat. Helena),Men I Trust
Day Ones (Single from ‚ÄúSwagger‚Äù),Tobe Nwigwe
Nicotine (feat. Bruhnice & Sabz),Pretty Boy Aaron
West Savannah (feat. SZA),Isaiah Rashad
Ghostin',Wesley Joseph
HIT EM WHERE IT HURTS,PawPaw Rod
idk shit but colors,Keni Can Fly
Lemonhaze,PawPaw Rod
See You in Hell,Jazz Cartier
Good Grief,Bastille
Rocket Man (I Think It's Going to Be a Long Long Time),Elton John
Afro Blue (9th Wonder's Blue Light Basement Remix) [feat. Erykah Badu and Phonte],Robert Glasper Experiment
All The Time,Bahamas
Sunday Morning,k-os
Dani California,Red Hot Chili Peppers
Lips of an Angel,Hinder
Redbone,Childish Gambino
Me and Your Mama,Childish Gambino
Maria Maria (feat. The Product G&B) [Radio Mix],Santana
Can You Get To That,Funkadelic
Let U Go,lucidbeatz
Void,The Neighbourhood
Livin' in a Dream (feat. Nipsey Hussle),The Neighbourhood
Beat Take 1 (feat. Ghostface Killah),The Neighbourhood
Dark Beach,Pastel Ghost
Sweater Weather,The Neighbourhood
Softcore,The Neighbourhood
Disparate Youth,Santigold
Run the Road,Santigold
Cigarettes out the Window,TV Girl
Read My Mind,Lianne La Havas
After Dark,Mr.Kitty
14 KI's,Conway the Machine & The Alchemist
Stole the Show (feat. Parson James),Kygo
94 Camry Music,femdot.
Rich Men North of Richmond,Oliver Anthony Music
The 6th Sense,Common
Nic's Groove,The Foreign Exchange
Is It True,Tame Impala
Oh Caroline,The 1975
Guitar Beat,Prelow
Say It,Tory Lanez
Come Through and Chill (feat. J. Cole & Salaam Remi),Miguel
Disco Yes,Tom Misch & Poppy Ajudha
One and Only (feat. Ella Mai),J Hus
Militerian (feat. Naira Marley),J Hus
Nice Body (feat. Jorja Smith),J Hus
Come Look,J Hus
Big 7,Burna Boy
Talibans II (Bonus Track),Burna Boy & Byron Messia
Love Made Me Do It,JAE5 & BNXN
Sky Walker (feat. Travis Scott),Miguel
All I Want Is You (feat. J.Cole),Miguel
Sittin' On Top Of The World,Burna Boy & 21 Savage
King Kunta,Kendrick Lamar
Sex & Candy,Marcy Playground
Kiss of Life,Sade
No Ordinary Love,Sade
Different This Time,Cornelia Murr
Woo,Erykah Badu
Hotel California,Eagles
Soulboy (IZCO Remix),p-rallel & Greentea Peng
Sun Is Shining,Bob Marley & The Wailers
Hijos Del Sol,Hermanos Guti√©rrez
Le soleil dans le monde,Domenique Dumont
Silver Tongue Devil,Masego & Shenseea
Buttons,The Pussycat Dolls
Bittersweet,Lianne La Havas
Lost,Frank Ocean
Meridian,Dave & Tiakola
Everybody Wants to Rule the World,Tears for Fears
Put It On,Big L
Black Beatles (feat. Gucci Mane),Rae Sremmurd
Wanted Dead or Alive,Bon Jovi
Never Give Up,Chronixx
Hit 'Em Up Style (Oops!),Blu Cantrell
Thong Song,Sisq√≥
ecstacy (slowed),SUICIDAL-IDOL
Creep,TLC
I Wonder,Kanye West
Hennessey (feat. E.D.I & Sleepy Brown) [Red Spyda Remix],2Pac